nav,cumulative_nav_withdrawal,cumulative_nav,price_change,price_date
1.0,1.0,1.0,0.0,2018-06-05
1.0,1.0,1.0,0.0,2018-06-06
1.0,1.0,1.0,0.0,2018-06-07
1.0,1.0,1.0,0.0,2018-06-08
1.0,1.0,1.0,0.0,2018-06-11
1.0,1.0,1.0,0.0,2018-06-12
0.9999,0.9999,0.9999,-0.0001,2018-06-13
0.9999,0.9999,0.9999,0.0,2018-06-14
0.9999,0.9999,0.9999,0.0,2018-06-15
0.9999,0.9999,0.9999,0.0,2018-06-19
0.9999,0.9999,0.9999,0.0,2018-06-20
0.9999,0.9999,0.9999,0.0,2018-06-21
0.9999,0.9999,0.9999,0.0,2018-06-22
0.9998,0.9998,0.9998,-0.00010001,2018-06-25
0.9998,0.9998,0.9998,0.0,2018-06-26
0.9998,0.9998,0.9998,0.0,2018-06-27
0.9998,0.9998,0.9998,0.0,2018-06-28
0.9998,0.9998,0.9998,0.0,2018-06-29
0.9998,0.9998,0.9998,0.0,2018-07-02
0.9998,0.9998,0.9998,0.0,2018-07-03
0.9998,0.9998,0.9998,0.0,2018-07-04
0.9998,0.9998,0.9998,0.0,2018-07-05
0.9997,0.9997,0.9997,-0.00010002,2018-07-06
0.9997,0.9997,0.9997,0.0,2018-07-09
0.9997,0.9997,0.9997,0.0,2018-07-10
0.9997,0.9997,0.9997,0.0,2018-07-11
0.9997,0.9997,0.9997,0.0,2018-07-12
0.9997,0.9997,0.9997,0.0,2018-07-13
0.9997,0.9997,0.9997,0.0,2018-07-16
0.9996,0.9996,0.9996,-0.00010003,2018-07-17
0.9996,0.9996,0.9996,0.0,2018-07-18
0.9996,0.9996,0.9996,0.0,2018-07-19
1.0158,1.0158,1.0158,0.0162064826,2018-07-20
1.0104,1.0104,1.0104,-0.0053160071,2018-07-23
1.0689,1.0689,1.0689,0.0578978622,2018-07-24
1.0613,1.0613,1.0613,-0.0071101132,2018-07-25
1.0445,1.0445,1.0445,-0.0158296429,2018-07-26
1.0265,1.0265,1.0265,-0.0172331259,2018-07-27
1.0095,1.0095,1.0095,-0.0165611301,2018-07-30
1.0099,1.0099,1.0099,0.0003962358,2018-07-31
0.9736,0.9736,0.9736,-0.0359441529,2018-08-01
0.9417,0.9417,0.9417,-0.0327649959,2018-08-02
0.9069,0.9069,0.9069,-0.0369544441,2018-08-03
0.8571,0.8571,0.8571,-0.0549123387,2018-08-06
0.8977,0.8977,0.8977,0.0473690351,2018-08-07
0.8717,0.8717,0.8717,-0.0289629052,2018-08-08
0.9176,0.9176,0.9176,0.0526557302,2018-08-09
0.9367,0.9367,0.9367,0.02081517,2018-08-10
0.9302,0.9302,0.9302,-0.0069392548,2018-08-13
0.9324,0.9324,0.9324,0.0023650828,2018-08-14
0.8902,0.8902,0.8902,-0.0452595453,2018-08-15
0.8832,0.8832,0.8832,-0.0078634015,2018-08-16
0.8592,0.8592,0.8592,-0.027173913,2018-08-17
0.8694,0.8694,0.8694,0.0118715084,2018-08-20
0.9078,0.9078,0.9078,0.044168392,2018-08-21
0.8985,0.8985,0.8985,-0.0102445473,2018-08-22
0.9185,0.9185,0.9185,0.0222593211,2018-08-23
0.9156,0.9156,0.9156,-0.0031573217,2018-08-24
0.9688,0.9688,0.9688,0.0581039755,2018-08-27
0.9796,0.9796,0.9796,0.0111478117,2018-08-28
0.9835,0.9835,0.9835,0.0039812168,2018-08-29
0.9744,0.9744,0.9744,-0.009252669,2018-08-30
0.96,0.96,0.96,-0.0147783251,2018-08-31
0.9516,0.9516,0.9516,-0.00875,2018-09-03
0.9651,0.9651,0.9651,0.014186633,2018-09-04
0.9391,0.9391,0.9391,-0.0269402134,2018-09-05
0.932,0.932,0.932,-0.0075604302,2018-09-06
0.9382,0.9382,0.9382,0.0066523605,2018-09-07
0.8967,0.8967,0.8967,-0.0442336389,2018-09-10
0.8867,0.8867,0.8867,-0.0111520018,2018-09-11
0.871,0.871,0.871,-0.0177061013,2018-09-12
0.8859,0.8859,0.8859,0.0171067738,2018-09-13
0.8777,0.8777,0.8777,-0.0092561237,2018-09-14
0.8614,0.8614,0.8614,-0.0185712658,2018-09-17
0.8964,0.8964,0.8964,0.0406315301,2018-09-18
0.9067,0.9067,0.9067,0.0114904061,2018-09-19
0.9055,0.9055,0.9055,-0.0013234808,2018-09-20
0.9388,0.9388,0.9388,0.0367752623,2018-09-21
0.9376,0.9376,0.9376,-0.0012782275,2018-09-25
0.9539,0.9539,0.9539,0.0173848123,2018-09-26
0.9578,0.9578,0.9578,0.0040884789,2018-09-27
0.975,0.975,0.975,0.01795782,2018-09-28
0.9225,0.9225,0.9225,-0.0538461538,2018-10-08
0.9185,0.9185,0.9185,-0.0043360434,2018-10-09
0.9178,0.9178,0.9178,-0.0007621121,2018-10-10
0.8428,0.8428,0.8428,-0.0817171497,2018-10-11
0.8615,0.8615,0.8615,0.0221879449,2018-10-12
0.8462,0.8462,0.8462,-0.0177597214,2018-10-15
0.7754,0.7754,0.7754,-0.0836681636,2018-10-16
0.755,0.755,0.755,-0.0263090018,2018-10-17
0.7074,0.7074,0.7074,-0.0630463576,2018-10-18
0.71,0.71,0.71,0.0036754312,2018-10-19
0.7659,0.7659,0.7659,0.0787323944,2018-10-22
0.7209,0.7209,0.7209,-0.0587544066,2018-10-23
0.7106,0.7106,0.7106,-0.0142876959,2018-10-24
0.6947,0.6947,0.6947,-0.0223754574,2018-10-25
0.6963,0.6963,0.6963,0.0023031524,2018-10-26
0.6657,0.6657,0.6657,-0.0439465748,2018-10-29
0.667,0.667,0.667,0.0019528316,2018-10-30
0.6875,0.6875,0.6875,0.0307346327,2018-10-31
0.7017,0.7017,0.7017,0.0206545455,2018-11-01
0.7582,0.7582,0.7582,0.0805187402,2018-11-02
0.7557,0.7557,0.7557,-0.003297283,2018-11-05
0.7569,0.7569,0.7569,0.0015879317,2018-11-06
0.7574,0.7574,0.7574,0.0006605892,2018-11-07
0.7502,0.7502,0.7502,-0.0095062054,2018-11-08
0.7449,0.7449,0.7449,-0.0070647827,2018-11-09
0.7757,0.7757,0.7757,0.0413478319,2018-11-12
0.7928,0.7928,0.7928,0.0220446049,2018-11-13
0.7856,0.7856,0.7856,-0.0090817356,2018-11-14
0.7934,0.7934,0.7934,0.0099287169,2018-11-15
0.8146,0.8146,0.8146,0.0267204437,2018-11-16
0.8288,0.8288,0.8288,0.0174318684,2018-11-19
0.7761,0.7761,0.7761,-0.0635859073,2018-11-20
0.7998,0.7998,0.7998,0.0305373019,2018-11-21
0.7959,0.7959,0.7959,-0.0048762191,2018-11-22
0.7534,0.7534,0.7534,-0.0533986682,2018-11-23
0.7402,0.7402,0.7402,-0.0175205734,2018-11-26
0.7569,0.7569,0.7569,0.0225614699,2018-11-27
0.7445,0.7445,0.7445,-0.0163826133,2018-11-28
0.71,0.71,0.71,-0.0463398254,2018-11-29
0.7206,0.7206,0.7206,0.0149295775,2018-11-30
0.7818,0.7818,0.7818,0.0849292256,2018-12-03
0.7858,0.7858,0.7858,0.0051163981,2018-12-04
0.7855,0.7855,0.7855,-0.0003817765,2018-12-05
0.7344,0.7344,0.7344,-0.0650541057,2018-12-06
0.7146,0.7146,0.7146,-0.0269607843,2018-12-07
0.6909,0.6909,0.6909,-0.0331654072,2018-12-10
0.6995,0.6995,0.6995,0.0124475322,2018-12-11
0.6969,0.6969,0.6969,-0.0037169407,2018-12-12
0.7195,0.7195,0.7195,0.0324293299,2018-12-13
0.6977,0.6977,0.6977,-0.0302988186,2018-12-14
0.6916,0.6916,0.6916,-0.0087430128,2018-12-17
0.6905,0.6905,0.6905,-0.0015905147,2018-12-18
0.6742,0.6742,0.6742,-0.0236060825,2018-12-19
0.6789,0.6789,0.6789,0.0069712252,2018-12-20
0.6638,0.6638,0.6638,-0.0222418618,2018-12-21
0.6826,0.6826,0.6826,0.0283217837,2018-12-24
0.6632,0.6632,0.6632,-0.0284207442,2018-12-25
0.6435,0.6435,0.6435,-0.0297044632,2018-12-26
0.6352,0.6352,0.6352,-0.0128982129,2018-12-27
0.6367,0.6367,0.6367,0.002361461,2018-12-28
0.5897,0.5897,0.5897,-0.0738181247,2019-01-02
0.5594,0.5594,0.5594,-0.0513820587,2019-01-03
0.574,0.574,0.574,0.0260993922,2019-01-04
0.5902,0.5902,0.5902,0.0282229965,2019-01-07
0.5803,0.5803,0.5803,-0.0167739749,2019-01-08
0.6011,0.6011,0.6011,0.0358435292,2019-01-09
0.5935,0.5935,0.5935,-0.0126434869,2019-01-10
0.5998,0.5998,0.5998,0.0106149958,2019-01-11
0.5824,0.5824,0.5824,-0.0290096699,2019-01-14
0.6032,0.6032,0.6032,0.0357142857,2019-01-15
0.6053,0.6053,0.6053,0.0034814324,2019-01-16
0.5983,0.5983,0.5983,-0.0115645135,2019-01-17
0.6123,0.6123,0.6123,0.0233996323,2019-01-18
0.6337,0.6337,0.6337,0.0349501878,2019-01-21
0.6133,0.6133,0.6133,-0.0321918889,2019-01-22
0.6067,0.6067,0.6067,-0.0107614544,2019-01-23
0.6153,0.6153,0.6153,0.0141750453,2019-01-24
0.6161,0.6161,0.6161,0.0013001788,2019-01-25
0.6057,0.6057,0.6057,-0.0168803766,2019-01-28
0.5883,0.5883,0.5883,-0.0287270926,2019-01-29
0.5794,0.5794,0.5794,-0.0151283359,2019-01-30
0.5763,0.5763,0.5763,-0.0053503624,2019-01-31
0.6128,0.6128,0.6128,0.0633350685,2019-02-01
0.6402,0.6402,0.6402,0.0447127937,2019-02-11
0.6674,0.6674,0.6674,0.0424867229,2019-02-12
0.7261,0.7261,0.7261,0.0879532514,2019-02-13
0.735,0.735,0.735,0.0122572648,2019-02-14
0.734,0.734,0.734,-0.0013605442,2019-02-15
0.7753,0.7753,0.7753,0.05626703,2019-02-18
0.7714,0.7714,0.7714,-0.0050303108,2019-02-19
0.7698,0.7698,0.7698,-0.0020741509,2019-02-20
0.7629,0.7629,0.7629,-0.0089633671,2019-02-21
0.7867,0.7867,0.7867,0.0311967492,2019-02-22
0.8693,0.8693,0.8693,0.104995551,2019-02-25
0.8657,0.8657,0.8657,-0.0041412631,2019-02-26
0.8416,0.8416,0.8416,-0.0278387432,2019-02-27
0.8752,0.8752,0.8752,0.0399239544,2019-02-28
0.8935,0.8935,0.8935,0.0209095064,2019-03-01
0.9162,0.9162,0.9162,0.0254057079,2019-03-04
0.9453,0.9453,0.9453,0.0317616241,2019-03-05
0.956,0.956,0.956,0.0113191579,2019-03-06
0.9253,0.9253,0.9253,-0.0321129707,2019-03-07
0.8469,0.8469,0.8469,-0.084729277,2019-03-08
0.8887,0.8887,0.8887,0.0493564766,2019-03-11
0.9079,0.9079,0.9079,0.021604591,2019-03-12
0.8769,0.8769,0.8769,-0.0341447296,2019-03-13
0.8441,0.8441,0.8441,-0.0374044931,2019-03-14
0.858,0.858,0.858,0.0164672432,2019-03-15
0.9219,0.9219,0.9219,0.0744755245,2019-03-18
0.9083,0.9083,0.9083,-0.0147521423,2019-03-19
0.9225,0.9225,0.9225,0.0156336012,2019-03-20
0.9128,0.9128,0.9128,-0.0105149051,2019-03-21
0.9106,0.9106,0.9106,-0.0024101665,2019-03-22
0.8877,0.8877,0.8877,-0.0251482539,2019-03-25
0.8505,0.8505,0.8505,-0.0419060493,2019-03-26
0.87,0.87,0.87,0.0229276896,2019-03-27
0.8717,0.8717,0.8717,0.001954023,2019-03-28
0.893,0.893,0.893,0.024435012,2019-03-29
0.9609,0.9609,0.9609,0.0760358343,2019-04-01
0.9727,0.9727,0.9727,0.012280154,2019-04-02
0.9919,0.9919,0.9919,0.0197388712,2019-04-03
1.014,1.014,1.014,0.0222804718,2019-04-04
1.0425,1.0425,1.0425,0.0281065089,2019-04-08
1.028,1.028,1.028,-0.0139088729,2019-04-09
1.0451,1.0451,1.0451,0.0166342412,2019-04-10
0.9853,0.9853,0.9853,-0.0572194048,2019-04-11
0.9706,0.9706,0.9706,-0.0149193139,2019-04-12
0.9572,0.9572,0.9572,-0.0138058933,2019-04-15
1.0119,1.0119,1.0119,0.057145842,2019-04-16
1.0031,1.0031,1.0031,-0.0086965115,2019-04-17
0.9856,0.9856,0.9856,-0.0174459177,2019-04-18
1.0001,1.0001,1.0001,0.0147118506,2019-04-19
0.9814,0.9814,0.9814,-0.0186981302,2019-04-22
0.9611,0.9611,0.9611,-0.0206847361,2019-04-23
0.9599,0.9599,0.9599,-0.0012485693,2019-04-24
0.9169,0.9169,0.9169,-0.044796333,2019-04-25
0.8837,0.8837,0.8837,-0.036208965,2019-04-26
0.8694,0.8694,0.8694,-0.0161819622,2019-04-29
0.8492,0.8492,0.8492,-0.0232344145,2019-04-30
0.7276,0.7276,0.7276,-0.143193594,2019-05-06
0.7303,0.7303,0.7303,0.0037108301,2019-05-07
0.708,0.708,0.708,-0.0305353964,2019-05-08
0.6738,0.6738,0.6738,-0.0483050847,2019-05-09
0.7376,0.7376,0.7376,0.0946868507,2019-05-10
0.7048,0.7048,0.7048,-0.0444685466,2019-05-13
0.7012,0.7012,0.7012,-0.005107832,2019-05-14
0.7222,0.7222,0.7222,0.0299486594,2019-05-15
0.7303,0.7303,0.7303,0.0112157297,2019-05-16
0.6865,0.6865,0.6865,-0.0599753526,2019-05-17
0.6571,0.6571,0.6571,-0.0428259286,2019-05-20
0.691,0.691,0.691,0.0515903211,2019-05-21
0.6871,0.6871,0.6871,-0.0056439942,2019-05-22
0.647,0.647,0.647,-0.0583612284,2019-05-23
0.6414,0.6414,0.6414,-0.0086553323,2019-05-24
0.6667,0.6667,0.6667,0.0394449641,2019-05-27
0.6624,0.6624,0.6624,-0.0064496775,2019-05-28
0.6524,0.6524,0.6524,-0.0150966184,2019-05-29
0.6285,0.6285,0.6285,-0.0366339669,2019-05-30
0.6294,0.6294,0.6294,0.0014319809,2019-05-31
0.6552,0.6552,0.6552,0.0409914204,2019-06-03
0.6515,0.6515,0.6515,-0.0056471306,2019-06-04
0.6598,0.6598,0.6598,0.0127398312,2019-06-05
0.6063,0.6063,0.6063,-0.0810851773,2019-06-06
0.6309,0.6309,0.6309,0.0405739733,2019-06-10
0.6417,0.6417,0.6417,0.0171184023,2019-06-11
0.638,0.638,0.638,-0.0057659342,2019-06-12
0.6309,0.6309,0.6309,-0.0111285266,2019-06-13
0.6077,0.6077,0.6077,-0.0367728642,2019-06-14
0.6072,0.6072,0.6072,-0.0008227744,2019-06-17
0.6059,0.6059,0.6059,-0.002140975,2019-06-18
0.6462,0.6462,0.6462,0.0665126258,2019-06-19
0.6994,0.6994,0.6994,0.0823274528,2019-06-20
0.7017,0.7017,0.7017,0.003288533,2019-06-21
0.6924,0.6924,0.6924,-0.0132535271,2019-06-24
0.692,0.692,0.692,-0.0005777008,2019-06-25
0.6914,0.6914,0.6914,-0.000867052,2019-06-26
0.7083,0.7083,0.7083,0.0244431588,2019-06-27
0.7012,0.7012,0.7012,-0.0100240011,2019-06-28
0.7717,0.7717,0.7717,0.1005419281,2019-07-01
0.7639,0.7639,0.7639,-0.0101075547,2019-07-02
0.7064,0.7064,0.7064,-0.0752716324,2019-07-03
0.6948,0.6948,0.6948,-0.0164212911,2019-07-04
0.7082,0.7082,0.7082,0.0192861255,2019-07-05
0.627,0.627,0.627,-0.1146568766,2019-07-08
0.6109,0.6109,0.6109,-0.0256778309,2019-07-09
0.6129,0.6129,0.6129,0.0032738582,2019-07-10
0.6128,0.6128,0.6128,-0.0001631588,2019-07-11
0.6293,0.6293,0.6293,0.0269255875,2019-07-12
0.6405,0.6405,0.6405,0.0177975528,2019-07-15
0.6308,0.6308,0.6308,-0.0151444184,2019-07-16
0.6096,0.6096,0.6096,-0.0336081167,2019-07-17
0.5868,0.5868,0.5868,-0.0374015748,2019-07-18
0.621,0.621,0.621,0.0582822086,2019-07-19
0.5784,0.5784,0.5784,-0.0685990338,2019-07-22
0.5753,0.5753,0.5753,-0.0053596127,2019-07-23
0.5968,0.5968,0.5968,0.037371806,2019-07-24
0.605,0.605,0.605,0.0137399464,2019-07-25
0.6088,0.6088,0.6088,0.0062809917,2019-07-26
0.6014,0.6014,0.6014,-0.0121550591,2019-07-29
0.6149,0.6149,0.6149,0.0224476222,2019-07-30
0.5913,0.5913,0.5913,-0.0383802244,2019-07-31
0.5573,0.5573,0.5573,-0.0575004228,2019-08-01
0.5125,0.5125,0.5125,-0.080387583,2019-08-02
0.5121,0.5121,0.5121,-0.0007804878,2019-08-05
0.5121,0.5121,0.5121,0.0,2019-08-06
0.5121,0.5121,0.5121,0.0,2019-08-07
0.5121,0.5121,0.5121,0.0,2019-08-08
0.5105,0.5105,0.5105,-0.0031243898,2019-08-09
0.5154,0.5154,0.5154,0.0095984329,2019-08-12
0.5135,0.5135,0.5135,-0.0036864571,2019-08-13
0.5134,0.5134,0.5134,-0.000194742,2019-08-14
0.507,0.507,0.507,-0.0124659135,2019-08-15
0.5104,0.5104,0.5104,0.0067061144,2019-08-16
0.5006,0.5006,0.5006,-0.019200627,2019-08-19
0.5149,0.5149,0.5149,0.0285657211,2019-08-20
0.5041,0.5041,0.5041,-0.0209749466,2019-08-21
0.4939,0.4939,0.4939,-0.0202340805,2019-08-22
0.4904,0.4904,0.4904,-0.0070864547,2019-08-23
0.4986,0.4986,0.4986,0.016721044,2019-08-26
0.5083,0.5083,0.5083,0.0194544725,2019-08-27
0.492,0.492,0.492,-0.0320676766,2019-08-28
0.5003,0.5003,0.5003,0.0168699187,2019-08-29
0.4774,0.4774,0.4774,-0.0457725365,2019-08-30
0.4832,0.4832,0.4832,0.0121491412,2019-09-02
0.4951,0.4951,0.4951,0.0246274834,2019-09-03
0.4995,0.4995,0.4995,0.0088870935,2019-09-04
0.5094,0.5094,0.5094,0.0198198198,2019-09-05
0.4877,0.4877,0.4877,-0.0425991362,2019-09-06
0.5144,0.5144,0.5144,0.0547467706,2019-09-09
0.5035,0.5035,0.5035,-0.0211897356,2019-09-10
0.5013,0.5013,0.5013,-0.0043694141,2019-09-11
0.4984,0.4984,0.4984,-0.0057849591,2019-09-12
0.5138,0.5138,0.5138,0.0308988764,2019-09-16
0.4888,0.4888,0.4888,-0.048657065,2019-09-17
0.4781,0.4781,0.4781,-0.0218903437,2019-09-18
0.4823,0.4823,0.4823,0.0087847731,2019-09-19
0.4969,0.4969,0.4969,0.0302716152,2019-09-20
0.5,0.5,0.5,0.0062386798,2019-09-23
0.4987,0.4987,0.4987,-0.0026,2019-09-24
0.4847,0.4847,0.4847,-0.0280729898,2019-09-25
0.4218,0.4218,0.4218,-0.1297709924,2019-09-26
0.4237,0.4237,0.4237,0.0045045045,2019-09-27
0.4157,0.4157,0.4157,-0.0188812839,2019-09-30
0.4056,0.4056,0.4056,-0.0242963676,2019-10-08
0.4255,0.4255,0.4255,0.0490631164,2019-10-09
0.4341,0.4341,0.4341,0.0202115159,2019-10-10
0.4272,0.4272,0.4272,-0.0158949551,2019-10-11
0.4249,0.4249,0.4249,-0.0053838951,2019-10-14
0.4045,0.4045,0.4045,-0.0480112968,2019-10-15
0.3943,0.3943,0.3943,-0.0252163164,2019-10-16
0.3966,0.3966,0.3966,0.005833122,2019-10-17
0.3794,0.3794,0.3794,-0.0433686334,2019-10-18
0.3835,0.3835,0.3835,0.0108065366,2019-10-21
0.3851,0.3851,0.3851,0.0041720991,2019-10-22
0.3837,0.3837,0.3837,-0.0036354194,2019-10-23
0.3586,0.3586,0.3586,-0.0654156893,2019-10-24
0.3769,0.3769,0.3769,0.0510317903,2019-10-25
0.3967,0.3967,0.3967,0.0525338286,2019-10-28
0.3738,0.3738,0.3738,-0.0577262415,2019-10-29
0.3671,0.3671,0.3671,-0.0179240235,2019-10-30
0.3612,0.3612,0.3612,-0.016071915,2019-10-31
0.372,0.372,0.372,0.0299003322,2019-11-01
0.376,0.376,0.376,0.0107526882,2019-11-04
0.3678,0.3678,0.3678,-0.0218085106,2019-11-05
0.3497,0.3497,0.3497,-0.049211528,2019-11-06
0.3485,0.3485,0.3485,-0.0034315127,2019-11-07
0.3449,0.3449,0.3449,-0.0103299857,2019-11-08
0.3346,0.3346,0.3346,-0.0298637286,2019-11-11
0.3241,0.3241,0.3241,-0.0313807531,2019-11-12
0.3431,0.3431,0.3431,0.0586238815,2019-11-13
0.3376,0.3376,0.3376,-0.0160303119,2019-11-14
0.3296,0.3296,0.3296,-0.0236966825,2019-11-15
0.3314,0.3314,0.3314,0.005461165,2019-11-18
0.3402,0.3402,0.3402,0.0265540133,2019-11-19
0.3607,0.3607,0.3607,0.0602586714,2019-11-20
0.3578,0.3578,0.3578,-0.0080399224,2019-11-21
0.3597,0.3597,0.3597,0.0053102292,2019-11-22
0.3505,0.3505,0.3505,-0.0255768696,2019-11-25
0.361,0.361,0.361,0.029957204,2019-11-26
0.3616,0.3616,0.3616,0.0016620499,2019-11-27
0.357,0.357,0.357,-0.0127212389,2019-11-28
0.3556,0.3556,0.3556,-0.0039215686,2019-11-29
0.3509,0.3509,0.3509,-0.0132170979,2019-12-02
0.3544,0.3544,0.3544,0.0099743517,2019-12-03
0.3789,0.3789,0.3789,0.0691309255,2019-12-04
0.3831,0.3831,0.3831,0.0110847189,2019-12-05
0.3814,0.3814,0.3814,-0.0044374837,2019-12-06
0.3734,0.3734,0.3734,-0.020975354,2019-12-09
0.3767,0.3767,0.3767,0.0088377076,2019-12-10
0.3718,0.3718,0.3718,-0.0130076984,2019-12-11
0.3732,0.3732,0.3732,0.0037654653,2019-12-12
0.3724,0.3724,0.3724,-0.0021436227,2019-12-13
0.3826,0.3826,0.3826,0.0273899033,2019-12-16
0.3893,0.3893,0.3893,0.0175117616,2019-12-17
0.3974,0.3974,0.3974,0.0208065759,2019-12-18
0.3924,0.3924,0.3924,-0.0125817816,2019-12-19
0.3852,0.3852,0.3852,-0.0183486239,2019-12-20
0.3811,0.3811,0.3811,-0.0106438214,2019-12-23
0.3909,0.3909,0.3909,0.0257150354,2019-12-24
0.3988,0.3988,0.3988,0.0202097723,2019-12-25
0.399,0.399,0.399,0.0005015045,2019-12-26
0.3993,0.3993,0.3993,0.0007518797,2019-12-27
0.4011,0.4011,0.4011,0.0045078888,2019-12-30
0.4101,0.4101,0.4101,0.0224382947,2019-12-31
0.4171,0.4171,0.4171,0.0170690076,2020-01-02
0.4403,0.4403,0.4403,0.055622153,2020-01-03
0.4889,0.4889,0.4889,0.1103792868,2020-01-06
0.4793,0.4793,0.4793,-0.0196359174,2020-01-07
0.508,0.508,0.508,0.0598789902,2020-01-08
0.4782,0.4782,0.4782,-0.0586614173,2020-01-09
0.4688,0.4688,0.4688,-0.0196570473,2020-01-10
0.4783,0.4783,0.4783,0.0202645051,2020-01-13
0.4627,0.4627,0.4627,-0.0326155133,2020-01-14
0.4624,0.4624,0.4624,-0.0006483683,2020-01-15
0.4614,0.4614,0.4614,-0.0021626298,2020-01-16
0.4656,0.4656,0.4656,0.0091027308,2020-01-17
0.469,0.469,0.469,0.0073024055,2020-01-20
0.4631,0.4631,0.4631,-0.0125799574,2020-01-21
0.4527,0.4527,0.4527,-0.0224573526,2020-01-22
0.4265,0.4265,0.4265,-0.0578749724,2020-01-23
0.3754,0.3754,0.3754,-0.1198124267,2020-02-03
0.3874,0.3874,0.3874,0.031965903,2020-02-04
0.4192,0.4192,0.4192,0.0820856995,2020-02-05
0.442,0.442,0.442,0.054389313,2020-02-06
0.4648,0.4648,0.4648,0.0515837104,2020-02-07
0.4874,0.4874,0.4874,0.0486230637,2020-02-10
0.4664,0.4664,0.4664,-0.0430857612,2020-02-11
0.4792,0.4792,0.4792,0.0274442539,2020-02-12
0.4893,0.4893,0.4893,0.0210767947,2020-02-13
0.4834,0.4834,0.4834,-0.0120580421,2020-02-14
0.5034,0.5034,0.5034,0.0413736036,2020-02-17
0.5226,0.5226,0.5226,0.0381406436,2020-02-18
0.5167,0.5167,0.5167,-0.0112897053,2020-02-19
0.5183,0.5183,0.5183,0.0030965744,2020-02-20
0.5561,0.5561,0.5561,0.0729307351,2020-02-21
0.5864,0.5864,0.5864,0.0544866031,2020-02-24
0.5966,0.5966,0.5966,0.0173942701,2020-02-25
0.5518,0.5518,0.5518,-0.0750921891,2020-02-26
0.5519,0.5519,0.5519,0.0001812251,2020-02-27
0.4858,0.4858,0.4858,-0.1197680739,2020-02-28
0.5082,0.5082,0.5082,0.0461095101,2020-03-02
0.5124,0.5124,0.5124,0.0082644628,2020-03-03
0.5233,0.5233,0.5233,0.0212724434,2020-03-04
0.5302,0.5302,0.5302,0.0131855532,2020-03-05
0.5335,0.5335,0.5335,0.0062240664,2020-03-06
0.4881,0.4881,0.4881,-0.0850984067,2020-03-09
0.5028,0.5028,0.5028,0.0301167793,2020-03-10
0.4971,0.4971,0.4971,-0.0113365155,2020-03-11
0.4693,0.4693,0.4693,-0.0559243613,2020-03-12
0.4503,0.4503,0.4503,-0.04048583,2020-03-13
0.4103,0.4103,0.4103,-0.0888296691,2020-03-16
0.3906,0.3906,0.3906,-0.0480136485,2020-03-17
0.3701,0.3701,0.3701,-0.0524833589,2020-03-18
0.3722,0.3722,0.3722,0.0056741421,2020-03-19
0.3967,0.3967,0.3967,0.0658248254,2020-03-20
0.3746,0.3746,0.3746,-0.0557096042,2020-03-23
0.4263,0.4263,0.4263,0.1380138815,2020-03-24
0.4467,0.4467,0.4467,0.0478536242,2020-03-25
0.4443,0.4443,0.4443,-0.0053727334,2020-03-26
0.4465,0.4465,0.4465,0.0049516093,2020-03-27
0.417,0.417,0.417,-0.0660694289,2020-03-30
0.4155,0.4155,0.4155,-0.0035971223,2020-03-31
0.4232,0.4232,0.4232,0.0185318893,2020-04-01
0.421,0.421,0.421,-0.0051984877,2020-04-02
0.4245,0.4245,0.4245,0.0083135392,2020-04-03
0.4734,0.4734,0.4734,0.1151943463,2020-04-07
0.4675,0.4675,0.4675,-0.0124630334,2020-04-08
0.4739,0.4739,0.4739,0.0136898396,2020-04-09
0.4523,0.4523,0.4523,-0.0455792361,2020-04-10
0.449,0.449,0.449,-0.0072960424,2020-04-13
0.4762,0.4762,0.4762,0.0605790646,2020-04-14
0.4714,0.4714,0.4714,-0.0100797984,2020-04-15
0.4845,0.4845,0.4845,0.027789563,2020-04-16
0.4671,0.4671,0.4671,-0.0359133127,2020-04-17
0.4702,0.4702,0.4702,0.0066366945,2020-04-20
0.4687,0.4687,0.4687,-0.0031901319,2020-04-21
0.4644,0.4644,0.4644,-0.0091743119,2020-04-22
0.4761,0.4761,0.4761,0.0251937984,2020-04-23
0.4748,0.4748,0.4748,-0.0027305188,2020-04-24
0.4648,0.4648,0.4648,-0.0210614996,2020-04-27
0.4482,0.4482,0.4482,-0.0357142857,2020-04-28
0.4515,0.4515,0.4515,0.0073627845,2020-04-29
0.4688,0.4688,0.4688,0.038316722,2020-04-30
0.4801,0.4801,0.4801,0.0241040956,2020-05-06
0.4665,0.4665,0.4665,-0.0283274318,2020-05-07
0.4814,0.4814,0.4814,0.0319399786,2020-05-08
0.4687,0.4687,0.4687,-0.0263813876,2020-05-11
0.466,0.466,0.466,-0.0057606145,2020-05-12
0.4671,0.4671,0.4671,0.002360515,2020-05-13
0.4704,0.4704,0.4704,0.0070648683,2020-05-14
0.4828,0.4828,0.4828,0.0263605442,2020-05-15
0.5125,0.5125,0.5125,0.0615161558,2020-05-18
0.4881,0.4881,0.4881,-0.0476097561,2020-05-19
0.4928,0.4928,0.4928,0.0096291743,2020-05-20
0.4663,0.4663,0.4663,-0.0537743506,2020-05-21
0.456,0.456,0.456,-0.022088784,2020-05-22
0.4419,0.4419,0.4419,-0.0309210526,2020-05-25
0.4622,0.4622,0.4622,0.045937995,2020-05-26
0.4462,0.4462,0.4462,-0.0346170489,2020-05-27
0.4594,0.4594,0.4594,0.0295831466,2020-05-28
0.4639,0.4639,0.4639,0.0097953853,2020-05-29
0.4818,0.4818,0.4818,0.0385859021,2020-06-01
0.4742,0.4742,0.4742,-0.0157741802,2020-06-02
0.4655,0.4655,0.4655,-0.0183466892,2020-06-03
0.4505,0.4505,0.4505,-0.0322234157,2020-06-04
0.4603,0.4603,0.4603,0.0217536071,2020-06-05
0.4627,0.4627,0.4627,0.0052139909,2020-06-08
0.4597,0.4597,0.4597,-0.0064836827,2020-06-09
0.4606,0.4606,0.4606,0.0019577986,2020-06-10
0.4716,0.4716,0.4716,0.0238818932,2020-06-11
0.4711,0.4711,0.4711,-0.0010602205,2020-06-12
0.4592,0.4592,0.4592,-0.0252600297,2020-06-15
0.4736,0.4736,0.4736,0.031358885,2020-06-16
0.4789,0.4789,0.4789,0.0111908784,2020-06-17
0.4747,0.4747,0.4747,-0.0087700981,2020-06-18
0.4787,0.4787,0.4787,0.0084263746,2020-06-19
0.4938,0.4938,0.4938,0.0315437644,2020-06-22
0.4896,0.4896,0.4896,-0.0085054678,2020-06-23
0.4992,0.4992,0.4992,0.0196078431,2020-06-24
0.5101,0.5101,0.5101,0.0218349359,2020-06-29
0.5177,0.5177,0.5177,0.0148990394,2020-06-30
0.5343,0.5343,0.5343,0.0320649025,2020-07-01
0.5337,0.5337,0.5337,-0.0011229646,2020-07-02
0.5374,0.5374,0.5374,0.0069327337,2020-07-03
0.5659,0.5659,0.5659,0.0530331224,2020-07-06
0.5856,0.5856,0.5856,0.0348118042,2020-07-07
0.6079,0.6079,0.6079,0.0380806011,2020-07-08
0.6676,0.6676,0.6676,0.0982069419,2020-07-09
0.6425,0.6425,0.6425,-0.0375973637,2020-07-10
0.6768,0.6768,0.6768,0.053385214,2020-07-13
0.6357,0.6357,0.6357,-0.0607269504,2020-07-14
0.6175,0.6175,0.6175,-0.0286298569,2020-07-15
0.563,0.563,0.563,-0.0882591093,2020-07-16
0.5657,0.5657,0.5657,0.0047957371,2020-07-17
0.5971,0.5971,0.5971,0.0555064522,2020-07-20
0.6082,0.6082,0.6082,0.0185898509,2020-07-21
0.616,0.616,0.616,0.0128247287,2020-07-22
0.6128,0.6128,0.6128,-0.0051948052,2020-07-23
0.5963,0.5963,0.5963,-0.0269255875,2020-07-24
0.6543,0.6543,0.6543,0.0972664766,2020-07-27
0.6212,0.6212,0.6212,-0.0505884151,2020-07-28
0.6303,0.6303,0.6303,0.0146490663,2020-07-29
0.6323,0.6323,0.6323,0.0031730922,2020-07-30
0.6397,0.6397,0.6397,0.0117033054,2020-07-31
0.6434,0.6434,0.6434,0.0057839612,2020-08-03
0.6364,0.6364,0.6364,-0.0108797016,2020-08-04
0.6845,0.6845,0.6845,0.0755813953,2020-08-05
0.6891,0.6891,0.6891,0.0067202337,2020-08-06
0.6666,0.6666,0.6666,-0.0326512843,2020-08-07
0.6404,0.6404,0.6404,-0.0393039304,2020-08-10
0.6261,0.6261,0.6261,-0.0223297939,2020-08-11
0.5925,0.5925,0.5925,-0.0536655486,2020-08-12
0.6305,0.6305,0.6305,0.0641350211,2020-08-13
0.6224,0.6224,0.6224,-0.0128469469,2020-08-14
0.6564,0.6564,0.6564,0.0546272494,2020-08-17
0.7034,0.7034,0.7034,0.0716026813,2020-08-18
0.7383,0.7383,0.7383,0.0496161501,2020-08-19
0.6851,0.6851,0.6851,-0.0720574292,2020-08-20
0.6627,0.6627,0.6627,-0.0326959568,2020-08-21
0.679,0.679,0.679,0.0245963483,2020-08-24
0.6481,0.6481,0.6481,-0.0455081001,2020-08-25
0.6094,0.6094,0.6094,-0.0597130073,2020-08-26
0.6241,0.6241,0.6241,0.0241220873,2020-08-27
0.6365,0.6365,0.6365,0.0198686108,2020-08-28
0.6411,0.6411,0.6411,0.0072270228,2020-08-31
0.649,0.649,0.649,0.0123225706,2020-09-01
0.6312,0.6312,0.6312,-0.0274268105,2020-09-02
0.6005,0.6005,0.6005,-0.0486375158,2020-09-03
0.6001,0.6001,0.6001,-0.0006661116,2020-09-04
0.567,0.567,0.567,-0.0551574738,2020-09-07
0.5626,0.5626,0.5626,-0.0077601411,2020-09-08
0.5326,0.5326,0.5326,-0.0533238535,2020-09-09
0.5523,0.5523,0.5523,0.036988359,2020-09-10
0.5556,0.5556,0.5556,0.0059750136,2020-09-11
0.5593,0.5593,0.5593,0.0066594672,2020-09-14
0.5688,0.5688,0.5688,0.0169855176,2020-09-15
0.5584,0.5584,0.5584,-0.0182841069,2020-09-16
0.5275,0.5275,0.5275,-0.0553366762,2020-09-17
0.5537,0.5537,0.5537,0.0496682464,2020-09-18
0.5606,0.5606,0.5606,0.0124616218,2020-09-21
0.5322,0.5322,0.5322,-0.0506600071,2020-09-22
0.5191,0.5191,0.5191,-0.0246148065,2020-09-23
0.5215,0.5215,0.5215,0.0046233866,2020-09-24
0.5201,0.5201,0.5201,-0.0026845638,2020-09-25
0.5111,0.5111,0.5111,-0.0173043645,2020-09-28
0.5156,0.5156,0.5156,0.0088045392,2020-09-29
0.5077,0.5077,0.5077,-0.015321955,2020-09-30
0.5369,0.5369,0.5369,0.0575142801,2020-10-09
0.5608,0.5608,0.5608,0.0445148072,2020-10-12
0.5764,0.5764,0.5764,0.0278174037,2020-10-13
0.5631,0.5631,0.5631,-0.023074254,2020-10-14
0.5517,0.5517,0.5517,-0.0202450719,2020-10-15
0.5491,0.5491,0.5491,-0.0047127062,2020-10-16
0.5794,0.5794,0.5794,0.0551812056,2020-10-19
0.5688,0.5688,0.5688,-0.0182947877,2020-10-20
0.5616,0.5616,0.5616,-0.0126582278,2020-10-21
0.5411,0.5411,0.5411,-0.036502849,2020-10-22
0.5201,0.5201,0.5201,-0.0388098318,2020-10-23
0.5158,0.5158,0.5158,-0.0082676408,2020-10-26
0.5194,0.5194,0.5194,0.0069794494,2020-10-27
0.5047,0.5047,0.5047,-0.0283018868,2020-10-28
0.4936,0.4936,0.4936,-0.0219932633,2020-10-29
0.465,0.465,0.465,-0.0579416532,2020-10-30
0.475,0.475,0.475,0.0215053763,2020-11-02
0.496,0.496,0.496,0.0442105263,2020-11-03
0.4925,0.4925,0.4925,-0.0070564516,2020-11-04
0.4987,0.4987,0.4987,0.0125888325,2020-11-05
0.5071,0.5071,0.5071,0.0168437939,2020-11-06
0.5112,0.5112,0.5112,0.0080851903,2020-11-09
0.4823,0.4823,0.4823,-0.0565336463,2020-11-10
0.4785,0.4785,0.4785,-0.0078789135,2020-11-11
0.4689,0.4689,0.4689,-0.0200626959,2020-11-12
0.468,0.468,0.468,-0.0019193858,2020-11-13
0.4811,0.4811,0.4811,0.027991453,2020-11-16
0.4654,0.4654,0.4654,-0.0326335481,2020-11-17
0.467,0.467,0.467,0.0034379029,2020-11-18
0.464,0.464,0.464,-0.0064239829,2020-11-19
0.4711,0.4711,0.4711,0.0153017241,2020-11-20
0.4783,0.4783,0.4783,0.0152833793,2020-11-23
0.464,0.464,0.464,-0.0298975538,2020-11-24
0.4561,0.4561,0.4561,-0.0170258621,2020-11-25
0.4517,0.4517,0.4517,-0.0096470072,2020-11-26
0.4553,0.4553,0.4553,0.0079698915,2020-11-27
0.4547,0.4547,0.4547,-0.0013178124,2020-11-30
0.4605,0.4605,0.4605,0.0127556631,2020-12-01
0.4643,0.4643,0.4643,0.0082519001,2020-12-02
0.4734,0.4734,0.4734,0.0195993969,2020-12-03
0.4687,0.4687,0.4687,-0.0099281791,2020-12-04
0.4628,0.4628,0.4628,-0.0125880094,2020-12-07
0.4685,0.4685,0.4685,0.0123163354,2020-12-08
0.4533,0.4533,0.4533,-0.0324439701,2020-12-09
0.4426,0.4426,0.4426,-0.0236046768,2020-12-10
0.4243,0.4243,0.4243,-0.0413465883,2020-12-11
0.4357,0.4357,0.4357,0.0268677822,2020-12-14
0.4388,0.4388,0.4388,0.0071149874,2020-12-15
0.4432,0.4432,0.4432,0.0100273473,2020-12-16
0.4552,0.4552,0.4552,0.0270758123,2020-12-17
0.4961,0.4961,0.4961,0.0898506151,2020-12-18
0.5132,0.5132,0.5132,0.0344688571,2020-12-21
0.4916,0.4916,0.4916,-0.0420888542,2020-12-22
0.5381,0.5381,0.5381,0.0945890968,2020-12-23
0.5058,0.5058,0.5058,-0.0600260175,2020-12-24
0.5629,0.5629,0.5629,0.1128904705,2020-12-25
0.5745,0.5745,0.5745,0.020607568,2020-12-28
0.4873,0.4873,0.4873,-0.1517841601,2020-12-29
0.4975,0.4975,0.4975,0.0209316643,2020-12-30
0.5207,0.5207,0.5207,0.0466331658,2020-12-31
0.562,0.562,0.562,0.079316305,2021-01-04
0.5332,0.5332,0.5332,-0.0512455516,2021-01-05
0.516,0.516,0.516,-0.0322580645,2021-01-06
0.5365,0.5365,0.5365,0.0397286822,2021-01-07
0.5152,0.5152,0.5152,-0.0397017707,2021-01-08
0.4767,0.4767,0.4767,-0.0747282609,2021-01-11
0.4964,0.4964,0.4964,0.0413257814,2021-01-12
0.4982,0.4982,0.4982,0.003626108,2021-01-13
0.5044,0.5044,0.5044,0.0124448013,2021-01-14
0.4938,0.4938,0.4938,-0.0210150674,2021-01-15
0.5324,0.5324,0.5324,0.0781692993,2021-01-18
0.5096,0.5096,0.5096,-0.0428249437,2021-01-19
0.5272,0.5272,0.5272,0.0345368917,2021-01-20
0.5704,0.5704,0.5704,0.0819423369,2021-01-21
0.6256,0.6256,0.6256,0.0967741935,2021-01-22
0.6301,0.6301,0.6301,0.0071930946,2021-01-25
0.6402,0.6402,0.6402,0.0160292017,2021-01-26
0.7099,0.7099,0.7099,0.1088722274,2021-01-27
0.6364,0.6364,0.6364,-0.1035357093,2021-01-28
0.612,0.612,0.612,-0.0383406662,2021-01-29
0.6057,0.6057,0.6057,-0.0102941176,2021-02-01
0.6107,0.6107,0.6107,0.0082549117,2021-02-02
0.615,0.615,0.615,0.0070411004,2021-02-03
0.5925,0.5925,0.5925,-0.0365853659,2021-02-04
0.5536,0.5536,0.5536,-0.0656540084,2021-02-05
0.5658,0.5658,0.5658,0.0220375723,2021-02-08
0.6265,0.6265,0.6265,0.107281725,2021-02-09
0.6213,0.6213,0.6213,-0.0083000798,2021-02-10
0.6215,0.6215,0.6215,0.0003219057,2021-02-18
0.6248,0.6248,0.6248,0.0053097345,2021-02-19
0.655,0.655,0.655,0.0483354673,2021-02-22
0.6223,0.6223,0.6223,-0.0499236641,2021-02-23
0.5796,0.5796,0.5796,-0.0686164229,2021-02-24
0.5643,0.5643,0.5643,-0.0263975155,2021-02-25
0.5559,0.5559,0.5559,-0.0148856991,2021-02-26
0.5843,0.5843,0.5843,0.0510883252,2021-03-01
0.5863,0.5863,0.5863,0.0034228992,2021-03-02
0.5923,0.5923,0.5923,0.0102336688,2021-03-03
0.5372,0.5372,0.5372,-0.0930271822,2021-03-04
0.5398,0.5398,0.5398,0.0048399106,2021-03-05
0.4978,0.4978,0.4978,-0.077806595,2021-03-08
0.467,0.467,0.467,-0.0618722378,2021-03-09
0.4644,0.4644,0.4644,-0.0055674518,2021-03-10
0.4981,0.4981,0.4981,0.0725667528,2021-03-11
0.5005,0.5005,0.5005,0.0048183096,2021-03-12
0.493,0.493,0.493,-0.014985015,2021-03-15
0.5121,0.5121,0.5121,0.0387423935,2021-03-16
0.5172,0.5172,0.5172,0.0099589924,2021-03-17
0.5156,0.5156,0.5156,-0.0030935808,2021-03-18
0.4965,0.4965,0.4965,-0.0370442203,2021-03-19
0.5323,0.5323,0.5323,0.0721047331,2021-03-22
0.5082,0.5082,0.5082,-0.0452752207,2021-03-23
0.4912,0.4912,0.4912,-0.0334513971,2021-03-24
0.4867,0.4867,0.4867,-0.0091612378,2021-03-25
0.5139,0.5139,0.5139,0.0558865831,2021-03-26
0.4966,0.4966,0.4966,-0.033664137,2021-03-29
0.5136,0.5136,0.5136,0.0342327829,2021-03-30
0.5262,0.5262,0.5262,0.0245327103,2021-03-31
0.5389,0.5389,0.5389,0.0241353098,2021-04-01
0.5345,0.5345,0.5345,-0.0081647801,2021-04-02
0.5562,0.5562,0.5562,0.0405986904,2021-04-06
0.5575,0.5575,0.5575,0.0023372887,2021-04-07
0.5543,0.5543,0.5543,-0.0057399103,2021-04-08
0.5478,0.5478,0.5478,-0.0117265019,2021-04-09
0.5185,0.5185,0.5185,-0.053486674,2021-04-12
0.5104,0.5104,0.5104,-0.0156219865,2021-04-13
0.5323,0.5323,0.5323,0.0429075235,2021-04-14
0.5256,0.5256,0.5256,-0.0125868871,2021-04-15
0.5217,0.5217,0.5217,-0.0074200913,2021-04-16
0.5493,0.5493,0.5493,0.0529039678,2021-04-19
0.5479,0.5479,0.5479,-0.0025486983,2021-04-20
0.5283,0.5283,0.5283,-0.0357729513,2021-04-21
0.5319,0.5319,0.5319,0.0068143101,2021-04-22
0.5391,0.5391,0.5391,0.013536379,2021-04-23
0.5436,0.5436,0.5436,0.0083472454,2021-04-26
0.5313,0.5313,0.5313,-0.0226269316,2021-04-27
0.5655,0.5655,0.5655,0.0643704122,2021-04-28
0.5795,0.5795,0.5795,0.0247568523,2021-04-29
0.563,0.563,0.563,-0.0284728214,2021-04-30
0.584,0.584,0.584,0.0373001776,2021-05-06
0.5745,0.5745,0.5745,-0.0162671233,2021-05-07
0.6133,0.6133,0.6133,0.0675369887,2021-05-10
0.5889,0.5889,0.5889,-0.0397847709,2021-05-11
0.5894,0.5894,0.5894,0.0008490406,2021-05-12
0.568,0.568,0.568,-0.0363081099,2021-05-13
0.5927,0.5927,0.5927,0.0434859155,2021-05-14
0.6051,0.6051,0.6051,0.020921208,2021-05-17
0.6177,0.6177,0.6177,0.0208230045,2021-05-18
0.62,0.62,0.62,0.0037234904,2021-05-19
0.6166,0.6166,0.6166,-0.005483871,2021-05-20
0.5896,0.5896,0.5896,-0.0437885177,2021-05-21
0.5766,0.5766,0.5766,-0.0220488467,2021-05-24
0.5868,0.5868,0.5868,0.0176899063,2021-05-25
0.5842,0.5842,0.5842,-0.0044308112,2021-05-26
0.6014,0.6014,0.6014,0.0294419719,2021-05-27
0.6031,0.6031,0.6031,0.0028267376,2021-05-28
0.6262,0.6262,0.6262,0.0383021058,2021-05-31
0.6152,0.6152,0.6152,-0.0175662728,2021-06-01
0.603,0.603,0.603,-0.0198309493,2021-06-02
0.6034,0.6034,0.6034,0.0006633499,2021-06-03
0.6204,0.6204,0.6204,0.0281736825,2021-06-04
0.6044,0.6044,0.6044,-0.025789813,2021-06-07
0.5851,0.5851,0.5851,-0.031932495,2021-06-08
0.6065,0.6065,0.6065,0.0365749445,2021-06-09
0.6391,0.6391,0.6391,0.0537510305,2021-06-10
0.6202,0.6202,0.6202,-0.0295728368,2021-06-11
0.6099,0.6099,0.6099,-0.016607546,2021-06-15
0.5743,0.5743,0.5743,-0.0583702246,2021-06-16
0.591,0.591,0.591,0.0290788786,2021-06-17
0.6206,0.6206,0.6206,0.0500846024,2021-06-18
0.6608,0.6608,0.6608,0.0647760232,2021-06-21
0.6625,0.6625,0.6625,0.0025726392,2021-06-22
0.7002,0.7002,0.7002,0.0569056604,2021-06-23
0.685,0.685,0.685,-0.0217080834,2021-06-24
0.6933,0.6933,0.6933,0.0121167883,2021-06-25
0.7074,0.7074,0.7074,0.0203375162,2021-06-28
0.7012,0.7012,0.7012,-0.0087644897,2021-06-29
0.7009,0.7009,0.7009,-0.000427838,2021-06-30
0.6738,0.6738,0.6738,-0.0386645741,2021-07-01
0.7072,0.7072,0.7072,0.0495696052,2021-07-02
0.7717,0.7717,0.7717,0.0912047511,2021-07-05
0.7385,0.7385,0.7385,-0.0430218997,2021-07-06
0.7467,0.7467,0.7467,0.0111035884,2021-07-07
0.7614,0.7614,0.7614,0.0196866211,2021-07-08
0.7831,0.7831,0.7831,0.0285001313,2021-07-09
0.8085,0.8085,0.8085,0.0324351935,2021-07-12
0.794,0.794,0.794,-0.0179344465,2021-07-13
0.7536,0.7536,0.7536,-0.0508816121,2021-07-14
0.7619,0.7619,0.7619,0.0110138004,2021-07-15
0.7803,0.7803,0.7803,0.0241501509,2021-07-16
0.7923,0.7923,0.7923,0.0153787005,2021-07-19
0.8189,0.8189,0.8189,0.0335731415,2021-07-20
0.8762,0.8762,0.8762,0.0699719135,2021-07-21
0.8743,0.8743,0.8743,-0.0021684547,2021-07-22
0.9091,0.9091,0.9091,0.0398032712,2021-07-23
0.9179,0.9179,0.9179,0.0096799032,2021-07-26
0.9174,0.9174,0.9174,-0.0005447216,2021-07-27
0.9169,0.9169,0.9169,-0.0005450185,2021-07-28
0.9185,0.9185,0.9185,0.0017450104,2021-07-29
0.9003,0.9003,0.9003,-0.0198149156,2021-07-30
0.9328,0.9328,0.9328,0.0360990781,2021-08-02
0.9159,0.9159,0.9159,-0.0181174957,2021-08-03
0.9138,0.9138,0.9138,-0.0022928267,2021-08-04
0.8992,0.8992,0.8992,-0.0159772379,2021-08-05
0.8824,0.8824,0.8824,-0.018683274,2021-08-06
0.8991,0.8991,0.8991,0.0189256573,2021-08-09
0.8731,0.8731,0.8731,-0.0289178067,2021-08-10
0.8339,0.8339,0.8339,-0.0448974917,2021-08-11
0.8705,0.8705,0.8705,0.0438901547,2021-08-12
0.8864,0.8864,0.8864,0.0182653647,2021-08-13
0.8673,0.8673,0.8673,-0.0215478339,2021-08-16
0.8476,0.8476,0.8476,-0.0227141704,2021-08-17
0.8763,0.8763,0.8763,0.0338603115,2021-08-18
0.8842,0.8842,0.8842,0.0090151775,2021-08-19
0.9225,0.9225,0.9225,0.0433159919,2021-08-20
0.9563,0.9563,0.9563,0.0366395664,2021-08-23
0.9478,0.9478,0.9478,-0.0088884241,2021-08-24
0.9434,0.9434,0.9434,-0.0046423296,2021-08-25
0.9425,0.9425,0.9425,-0.0009539962,2021-08-26
0.9279,0.9279,0.9279,-0.0154907162,2021-08-27
0.9279,0.9279,0.9279,0.0,2021-08-30
0.9131,0.9131,0.9131,-0.0159499946,2021-08-31
0.9052,0.9052,0.9052,-0.0086518454,2021-09-01
0.937,0.937,0.937,0.0351303579,2021-09-02
0.9336,0.9336,0.9336,-0.0036286019,2021-09-03
0.8959,0.8959,0.8959,-0.0403813196,2021-09-06
0.9148,0.9148,0.9148,0.0210961045,2021-09-07
0.9299,0.9299,0.9299,0.0165063402,2021-09-08
0.9014,0.9014,0.9014,-0.0306484568,2021-09-09
0.8937,0.8937,0.8937,-0.0085422676,2021-09-10
0.8964,0.8964,0.8964,0.003021148,2021-09-13
0.8781,0.8781,0.8781,-0.0204149933,2021-09-14
0.9679,0.9679,0.9679,0.1022662567,2021-09-15
0.9281,0.9281,0.9281,-0.0411199504,2021-09-16
0.9825,0.9825,0.9825,0.0586143735,2021-09-17
1.0651,1.0651,1.0651,0.0840712468,2021-09-22
1.0281,1.0281,1.0281,-0.0347385222,2021-09-23
1.0061,1.0061,1.0061,-0.0213986966,2021-09-24
0.9148,0.9148,0.9148,-0.0907464467,2021-09-27
0.9263,0.9263,0.9263,0.0125710538,2021-09-28
0.8594,0.8594,0.8594,-0.072222822,2021-09-29
0.9044,0.9044,0.9044,0.0523621131,2021-09-30
0.8604,0.8604,0.8604,-0.0486510394,2021-10-08
0.8662,0.8662,0.8662,0.0067410507,2021-10-11
0.83,0.83,0.83,-0.041791734,2021-10-12
0.8486,0.8486,0.8486,0.0224096386,2021-10-13
0.9108,0.9108,0.9108,0.0732971954,2021-10-14
0.8854,0.8854,0.8854,-0.0278875714,2021-10-15
0.9466,0.9466,0.9466,0.0691213011,2021-10-18
0.9532,0.9532,0.9532,0.006972322,2021-10-19
0.989,0.989,0.989,0.0375577004,2021-10-20
0.9471,0.9471,0.9471,-0.0423660263,2021-10-21
0.918,0.918,0.918,-0.0307253722,2021-10-22
0.9814,0.9814,0.9814,0.0690631808,2021-10-25
0.9709,0.9709,0.9709,-0.0106990014,2021-10-26
1.0092,1.0092,1.0092,0.0394479349,2021-10-27
1.0196,1.0196,1.0196,0.0103051922,2021-10-28
1.0714,1.0714,1.0714,0.050804237,2021-10-29
1.1302,1.1302,1.1302,0.0548814635,2021-11-01
1.1669,1.1669,1.1669,0.0324721288,2021-11-02
1.1964,1.1964,1.1964,0.0252806582,2021-11-03
1.2821,1.2821,1.2821,0.0716315614,2021-11-04
1.2889,1.2889,1.2889,0.0053037985,2021-11-05
1.0,1.357,1.357,0.0528357514,2021-11-08
0.9951,1.3521,1.3503507,-0.0049,2021-11-09
0.9854,1.3424,1.3371878,-0.009747764,2021-11-10
0.9465,1.3035,1.2844005,-0.0394763548,2021-11-11
0.99,1.347,1.34343,0.0459587956,2021-11-12
0.9434,1.3004,1.2801938,-0.0470707071,2021-11-15
1.0019,1.3589,1.3595783,0.062009752,2021-11-16
1.0352,1.3922,1.4047664,0.03323685,2021-11-17
1.0594,1.4164,1.4376058,0.0233771252,2021-11-18
1.1494,1.5064,1.5597358,0.0849537474,2021-11-19
1.1921,1.5491,1.6176797,0.0371498173,2021-11-22
1.1613,1.5183,1.5758841,-0.0258367587,2021-11-23
1.1594,1.5164,1.5733058,-0.0016360975,2021-11-24
1.1638,1.5208,1.5792766,0.0037950664,2021-11-25
1.1576,1.5146,1.5708632,-0.0053273758,2021-11-26
1.1661,1.5231,1.5823977,0.0073427782,2021-11-29
1.1604,1.5174,1.5746628,-0.0048880885,2021-11-30
1.1879,1.5449,1.6119803,0.0236987246,2021-12-01
1.1675,1.5245,1.5842975,-0.0171731627,2021-12-02
1.1843,1.5413,1.6070951,0.0143897216,2021-12-03
1.1385,1.4955,1.5449445,-0.0386726336,2021-12-06
1.0878,1.4448,1.4761446,-0.0445322793,2021-12-07
1.1479,1.5049,1.5577003,0.0552491267,2021-12-08
1.1739,1.5309,1.5929823,0.0226500566,2021-12-09
1.1803,1.5373,1.6016671,0.0054519124,2021-12-10
1.1867,1.5437,1.6103519,0.0054223502,2021-12-13
1.2102,1.5672,1.6422414,0.0198028145,2021-12-14
1.1876,1.5446,1.6115732,-0.0186745992,2021-12-15
1.2011,1.5581,1.6298927,0.0113674638,2021-12-16
1.1668,1.5238,1.5833476,-0.0285571559,2021-12-17
1.1498,1.5068,1.5602786,-0.0145697635,2021-12-20
1.1794,1.5364,1.6004458,0.0257436076,2021-12-21
1.2008,1.5578,1.6294856,0.0181448194,2021-12-22
1.2051,1.5621,1.6353207,0.003580946,2021-12-23
1.1511,1.5081,1.5620427,-0.0448095594,2021-12-24
1.1767,1.5337,1.5967819,0.0222395969,2021-12-27
1.2099,1.5669,1.6418343,0.0282144982,2021-12-28
1.2036,1.5606,1.6332852,-0.0052070419,2021-12-29
1.2154,1.5724,1.6492978,0.0098039216,2021-12-30
1.2411,1.5981,1.6841727,0.021145302,2021-12-31
1.2409,1.5979,1.6839013,-0.0001611474,2022-01-04
1.2237,1.5807,1.6605609,-0.0138609074,2022-01-05
1.2459,1.6029,1.6906863,0.0181417014,2022-01-06
1.1874,1.5444,1.6113018,-0.0469540092,2022-01-07
1.1905,1.5475,1.6155085,0.0026107462,2022-01-10
1.1689,1.5259,1.5861973,-0.0181436371,2022-01-11
1.1973,1.5543,1.6247361,0.024296347,2022-01-12
1.1833,1.5403,1.6057381,-0.0116929759,2022-01-13
1.1749,1.5319,1.5943393,-0.0070987915,2022-01-14
1.1924,1.5494,1.6180868,0.0148948847,2022-01-17
1.1845,1.5415,1.6073665,-0.0066252935,2022-01-18
1.159,1.516,1.572763,-0.0215280709,2022-01-19
1.1126,1.4696,1.5097982,-0.0400345125,2022-01-20
1.1028,1.4598,1.4964996,-0.008808197,2022-01-21
1.1388,1.4958,1.5453516,0.0326441785,2022-01-24
1.1022,1.4592,1.4956854,-0.0321390938,2022-01-25
1.1082,1.4652,1.5038274,0.0054436581,2022-01-26
1.0655,1.4225,1.4458835,-0.0385309511,2022-01-27
1.0701,1.4271,1.4521257,0.004317222,2022-01-28
1.0867,1.4437,1.4746519,0.0155125689,2022-02-07
1.0765,1.4335,1.4608105,-0.0093862151,2022-02-08
1.1127,1.4697,1.5099339,0.0336274965,2022-02-09
1.105,1.462,1.499485,-0.0069201043,2022-02-10
1.0709,1.4279,1.4532113,-0.0308597285,2022-02-11
1.0493,1.4063,1.4239001,-0.0201699505,2022-02-14
1.0797,1.4367,1.4651529,0.0289716954,2022-02-15
1.0844,1.4414,1.4715308,0.004353061,2022-02-16
1.1248,1.4818,1.5263536,0.0372556252,2022-02-17
1.1064,1.4634,1.5013848,-0.0163584637,2022-02-18
1.106,1.463,1.500842,-0.0003615329,2022-02-21
1.0966,1.4536,1.4880862,-0.0084990958,2022-02-22
1.1332,1.4902,1.5377524,0.0333758891,2022-02-23
1.1141,1.4711,1.5118337,-0.0168549241,2022-02-24
1.1194,1.4764,1.5190258,0.0047572031,2022-02-25
1.1199,1.4769,1.5197043,0.0004466679,2022-02-28
1.1185,1.4755,1.5178045,-0.0012501116,2022-03-01
1.1047,1.4617,1.4990779,-0.0123379526,2022-03-02
1.0978,1.4548,1.4897146,-0.0062460396,2022-03-03
1.0596,1.4166,1.4378772,-0.0347968665,2022-03-04
1.0355,1.3925,1.4051735,-0.0227444319,2022-03-07
0.9712,1.3282,1.3179184,-0.062095606,2022-03-08
0.9722,1.3292,1.3192754,0.001029654,2022-03-09
0.999,1.356,1.355643,0.0275663444,2022-03-10
0.9943,1.3513,1.3492651,-0.0047047047,2022-03-11
0.9589,1.3159,1.3012273,-0.0356029367,2022-03-14
0.8868,1.2438,1.2033876,-0.0751903222,2022-03-15
0.9573,1.3143,1.2990561,0.0794993234,2022-03-16
0.9769,1.3339,1.3256533,0.0204742505,2022-03-17
0.9796,1.3366,1.3293172,0.0027638448,2022-03-18
1.0106,1.3676,1.3713842,0.0316455696,2022-03-21
0.9924,1.3494,1.3466868,-0.0180091035,2022-03-22
0.9959,1.3529,1.3514363,0.0035268037,2022-03-23
0.9933,1.3503,1.3479081,-0.0026107039,2022-03-24
0.9933,1.3503,1.3479081,0.0,2022-03-25
0.9639,1.3209,1.3080123,-0.0295983087,2022-03-28
0.9577,1.3147,1.2995989,-0.0064322025,2022-03-29
1.012,1.369,1.373284,0.0566983398,2022-03-30
0.9742,1.3312,1.3219894,-0.0373517787,2022-03-31
0.9721,1.3291,1.3191397,-0.0021556149,2022-04-01
0.9523,1.3093,1.2922711,-0.0203682749,2022-04-06
0.9439,1.3009,1.2808723,-0.0088207498,2022-04-07
0.9492,1.3062,1.2880644,0.0056150016,2022-04-08
0.8805,1.2375,1.1948385,-0.0723767383,2022-04-11
0.915,1.272,1.241655,0.0391822828,2022-04-12
0.8799,1.2369,1.1940243,-0.0383606557,2022-04-13
0.8728,1.2298,1.1843896,-0.0080690988,2022-04-14
0.8017,1.1587,1.0879069,-0.0814619615,2022-04-15
0.8108,1.1678,1.1002556,0.0113508794,2022-04-18
0.844,1.201,1.145308,0.0409472126,2022-04-19
0.8241,1.1811,1.1183037,-0.0235781991,2022-04-20
0.7755,1.1325,1.0523535,-0.0589734256,2022-04-21
0.776,1.133,1.053032,0.0006447453,2022-04-22
0.6825,1.0395,0.9261525,-0.1204896907,2022-04-25
0.6116,0.9686,0.8299412,-0.1038827839,2022-04-26
0.66,1.017,0.89562,0.0791366906,2022-04-27
0.6406,0.9976,0.8692942,-0.0293939394,2022-04-28
0.686,1.043,0.930902,0.0708710584,2022-04-29
0.7054,1.0624,0.9572278,0.0282798834,2022-05-05
0.6669,1.0239,0.9049833,-0.0545789623,2022-05-06
0.6811,1.0381,0.9242527,0.0212925476,2022-05-09
0.7029,1.0599,0.9538353,0.0320070474,2022-05-10
0.7052,1.0622,0.9569564,0.0032721582,2022-05-11
0.6936,1.0506,0.9412152,-0.0164492343,2022-05-12
0.6968,1.0538,0.9455576,0.0046136101,2022-05-13
0.71,1.067,0.96347,0.0189437428,2022-05-16
0.7164,1.0734,0.9721548,0.0090140845,2022-05-17
0.7198,1.0768,0.9767686,0.004745952,2022-05-18
0.7299,1.0869,0.9904743,0.0140316755,2022-05-19
0.7465,1.1035,1.0130005,0.0227428415,2022-05-20
0.7703,1.1273,1.0452971,0.0318821165,2022-05-23
0.7198,1.0768,0.9767686,-0.0655588732,2022-05-24
0.7642,1.1212,1.0370194,0.0616838011,2022-05-25
0.7657,1.1227,1.0390549,0.001962837,2022-05-26
0.7548,1.1118,1.0242636,-0.0142353402,2022-05-27
0.757,1.114,1.027249,0.0029146794,2022-05-30
0.7764,1.1334,1.0535748,0.0256274769,2022-05-31
0.7728,1.1298,1.0486896,-0.0046367852,2022-06-01
0.7805,1.1375,1.0591385,0.0099637681,2022-06-02
0.8091,1.1661,1.0979487,0.0366431775,2022-06-06
0.8034,1.1604,1.0902138,-0.0070448647,2022-06-07
0.7931,1.1501,1.0762367,-0.0128205128,2022-06-08
0.7673,1.1243,1.0412261,-0.0325305762,2022-06-09
0.7977,1.1547,1.0824789,0.0396194448,2022-06-10
0.8185,1.1755,1.1107045,0.0260749655,2022-06-13
0.8252,1.1822,1.1197964,0.0081857056,2022-06-14
0.825,1.182,1.119525,-0.0002423655,2022-06-15
0.8602,1.2172,1.1672914,0.0426666667,2022-06-16
0.8818,1.2388,1.1966026,0.0251104394,2022-06-17
0.9311,1.2881,1.2635027,0.0559083692,2022-06-20
0.9036,1.2606,1.2261852,-0.0295349587,2022-06-21
0.9005,1.2575,1.2219785,-0.0034307216,2022-06-22
0.9216,1.2786,1.2506112,0.023431427,2022-06-23
0.9819,1.3389,1.3324383,0.0654296875,2022-06-24
0.9812,1.3382,1.3314884,-0.0007129036,2022-06-27
0.9899,1.3469,1.3432943,0.0088666938,2022-06-28
0.9136,1.2706,1.2397552,-0.0770784928,2022-06-29
0.9323,1.2893,1.2651311,0.0204684764,2022-06-30
0.9488,1.3058,1.2875216,0.0176981658,2022-07-01
1.0409,1.3979,1.4125013,0.0970699831,2022-07-04
1.0161,1.3731,1.3788477,-0.0238255356,2022-07-05
0.9898,1.3468,1.3431586,-0.0258832792,2022-07-06
1.0193,1.3763,1.3831901,0.0298040008,2022-07-07
1.0104,1.3674,1.3711128,-0.0087314824,2022-07-08
1.0109,1.3679,1.3717913,0.0004948535,2022-07-11
0.9506,1.3076,1.2899642,-0.059649817,2022-07-12
0.9792,1.3362,1.3287744,0.0300862613,2022-07-13
1.0443,1.4013,1.4171151,0.0664828431,2022-07-14
1.028,1.385,1.394996,-0.0156085416,2022-07-15
1.0827,1.4397,1.4692239,0.0532101167,2022-07-18
1.0815,1.4385,1.4675955,-0.0011083403,2022-07-19
1.0763,1.4333,1.4605391,-0.0048081368,2022-07-20
1.0554,1.4124,1.4321778,-0.0194183778,2022-07-21
1.0271,1.3841,1.3937747,-0.0268144779,2022-07-22
0.9982,1.3552,1.3545574,-0.0281374744,2022-07-25
0.9873,1.3443,1.3397661,-0.0109196554,2022-07-26
1.0192,1.3762,1.3830544,0.0323103413,2022-07-27
1.0256,1.3826,1.3917392,0.0062794349,2022-07-28
1.0273,1.3843,1.3940461,0.0016575663,2022-07-29
1.0639,1.4209,1.4437123,0.0356273727,2022-08-01
1.0135,1.3705,1.3753195,-0.0473728734,2022-08-02
0.9871,1.3441,1.3394947,-0.0260483473,2022-08-03
0.996,1.353,1.351572,0.0090163104,2022-08-04
1.0317,1.3887,1.4000169,0.0358433735,2022-08-05
1.0629,1.4199,1.4423553,0.0302413492,2022-08-08
1.0615,1.4185,1.4404555,-0.0013171512,2022-08-09
1.0714,1.4284,1.4538898,0.0093264249,2022-08-10
1.0932,1.4502,1.4834724,0.0203472093,2022-08-11
1.0684,1.4254,1.4498188,-0.0226856934,2022-08-12
1.0805,1.4375,1.4662385,0.0113253463,2022-08-15
1.1127,1.4697,1.5099339,0.029801018,2022-08-16
1.1298,1.4868,1.5331386,0.0153680237,2022-08-17
1.1535,1.5105,1.5652995,0.0209771641,2022-08-18
1.1314,1.4884,1.5353098,-0.0191590811,2022-08-19
1.1275,1.4845,1.5300175,-0.0034470567,2022-08-22
1.1985,1.5555,1.6263645,0.0629711752,2022-08-23
1.1327,1.4897,1.5370739,-0.0549019608,2022-08-24
1.1209,1.4779,1.5210613,-0.0104175863,2022-08-25
1.1236,1.4806,1.5247252,0.0024087787,2022-08-26
1.1593,1.5163,1.5731701,0.0317728729,2022-08-29
1.1317,1.4887,1.5357169,-0.02380747,2022-08-30
1.0481,1.4051,1.4222717,-0.0738711673,2022-08-31
1.078,1.435,1.462846,0.0285278122,2022-09-01
1.0711,1.4281,1.4534827,-0.0064007421,2022-09-02
1.0809,1.4379,1.4667813,0.0091494725,2022-09-05
1.123,1.48,1.523911,0.038949024,2022-09-06
1.1202,1.4772,1.5201114,-0.0024933215,2022-09-07
1.1021,1.4591,1.4955497,-0.016157829,2022-09-08
1.095,1.452,1.485915,-0.0064422466,2022-09-09
1.1023,1.4593,1.4958211,0.0066666667,2022-09-13
1.0813,1.4383,1.4673241,-0.019051075,2022-09-14
1.0193,1.3763,1.3831901,-0.057338389,2022-09-15
0.9953,1.3523,1.3506221,-0.0235455705,2022-09-16
0.978,1.335,1.327146,-0.017381694,2022-09-19
0.9827,1.3397,1.3335239,0.004805726,2022-09-20
0.9774,1.3344,1.3263318,-0.0053933042,2022-09-21
0.9785,1.3355,1.3278245,0.0011254348,2022-09-22
0.9506,1.3076,1.2899642,-0.0285130301,2022-09-23
0.9292,1.2862,1.2609244,-0.0225120976,2022-09-26
0.9642,1.3212,1.3084194,0.0376668102,2022-09-27
0.9302,1.2872,1.2622814,-0.0352623937,2022-09-28
0.9243,1.2813,1.2542751,-0.006342722,2022-09-29
0.8851,1.2421,1.2010807,-0.0424104728,2022-09-30
0.9287,1.2857,1.2602459,0.0492599706,2022-10-10
0.9899,1.3469,1.3432943,0.0658985679,2022-10-11
1.0556,1.4126,1.4324492,0.0663703404,2022-10-12
1.0703,1.4273,1.4523971,0.0139257294,2022-10-13
1.0879,1.4449,1.4762803,0.0164439877,2022-10-14
1.0988,1.4558,1.4910716,0.0100193032,2022-10-17
1.1222,1.4792,1.5228254,0.0212959592,2022-10-18
1.0879,1.4449,1.4762803,-0.0305649617,2022-10-19
1.0591,1.4161,1.4371987,-0.0264730214,2022-10-20
1.0984,1.4554,1.4905288,0.0371069776,2022-10-21
1.0758,1.4328,1.4598606,-0.0205753824,2022-10-24
1.0417,1.3987,1.4135869,-0.0316973415,2022-10-25
1.0474,1.4044,1.4213218,0.0054718249,2022-10-26
1.0488,1.4058,1.4232216,0.0013366431,2022-10-27
0.9543,1.3113,1.2949851,-0.0901029748,2022-10-28
0.9716,1.3286,1.3184612,0.0181284711,2022-10-31
1.0312,1.3882,1.3993384,0.0613421161,2022-11-01
1.0483,1.4053,1.4225431,0.0165826222,2022-11-02
1.0903,1.4473,1.4795371,0.0400648669,2022-11-03
1.1105,1.4675,1.5069485,0.0185270109,2022-11-04
1.1414,1.4984,1.5488798,0.0278253039,2022-11-07
1.2061,1.5631,1.6366777,0.0566847731,2022-11-08
1.2088,1.5658,1.6403416,0.0022386203,2022-11-09
1.2455,1.6025,1.6901435,0.0303606883,2022-11-10
1.2818,1.6388,1.7394026,0.0291449217,2022-11-11
1.311,1.668,1.779027,0.022780465,2022-11-14
1.3307,1.6877,1.8057599,0.0150266972,2022-11-15
1.3125,1.6695,1.7810625,-0.0136770121,2022-11-16
1.3856,1.7426,1.8802592,0.0556952381,2022-11-17
1.344,1.701,1.823808,-0.0300230947,2022-11-18
1.3746,1.7316,1.8653322,0.0227678571,2022-11-21
1.32,1.677,1.79124,-0.039720646,2022-11-22
1.3209,1.6779,1.7924613,0.0006818182,2022-11-23
1.3296,1.6866,1.8042672,0.0065864184,2022-11-24
1.3326,1.6896,1.8083382,0.0022563177,2022-11-25
1.2926,1.6496,1.7540582,-0.0300165091,2022-11-28
1.2794,1.6364,1.7361458,-0.0102119759,2022-11-29
1.3036,1.6606,1.7689852,0.0189151165,2022-11-30
1.3148,1.6718,1.7841836,0.0085915925,2022-12-01
1.3355,1.6925,1.8122735,0.0157438394,2022-12-02
1.3471,1.7041,1.8280147,0.0086858854,2022-12-05
1.3333,1.6903,1.8092881,-0.0102442283,2022-12-06
1.4253,1.7823,1.9341321,0.069001725,2022-12-07
1.321,1.678,1.792597,-0.0731775767,2022-12-08
1.3031,1.6601,1.7683067,-0.0135503407,2022-12-09
1.2959,1.6529,1.7585363,-0.0055252859,2022-12-12
1.2951,1.6521,1.7574507,-0.0006173316,2022-12-13
1.2853,1.6423,1.7441521,-0.0075669832,2022-12-14
1.2814,1.6384,1.7388598,-0.0030343111,2022-12-15
1.2529,1.6099,1.7001853,-0.0222412986,2022-12-16
1.1955,1.5525,1.6222935,-0.0458137122,2022-12-19
1.1621,1.5191,1.5769697,-0.0279381012,2022-12-20
1.1686,1.5256,1.5857902,0.0055933224,2022-12-21
1.1441,1.5011,1.5525437,-0.0209652576,2022-12-22
1.1163,1.4733,1.5148191,-0.0242985753,2022-12-23
1.1671,1.5241,1.5837547,0.0455074801,2022-12-26
1.2158,1.5728,1.6498406,0.0417273584,2022-12-27
1.1795,1.5365,1.6005815,-0.0298568844,2022-12-28
1.1737,1.5307,1.5927109,-0.0049173379,2022-12-29
1.1764,1.5334,1.5963748,0.0023004175,2022-12-30
1.1687,1.5257,1.5859259,-0.0065453927,2023-01-03
1.1563,1.5133,1.5690991,-0.0106100796,2023-01-04
1.1626,1.5196,1.5776482,0.005448413,2023-01-05
1.1783,1.5353,1.5989531,0.0135042147,2023-01-06
1.2372,1.5942,1.6788804,0.0499872698,2023-01-09
1.2631,1.6201,1.7140267,0.0209343679,2023-01-10
1.2347,1.5917,1.6754879,-0.0224843639,2023-01-11
1.2102,1.5672,1.6422414,-0.0198428768,2023-01-12
1.2284,1.5854,1.6669388,0.0150388366,2023-01-13
1.279,1.636,1.735603,0.0411917942,2023-01-16
1.255,1.612,1.703035,-0.0187646599,2023-01-17
1.2669,1.6239,1.7191833,0.0094820717,2023-01-18
1.238,1.595,1.679966,-0.0228115873,2023-01-19
1.2609,1.6179,1.7110413,0.0184975767,2023-01-20
1.3296,1.6866,1.8042672,0.0544848917,2023-01-30
1.3353,1.6923,1.8120021,0.0042870036,2023-01-31
1.3172,1.6742,1.7874404,-0.0135550064,2023-02-01
1.325,1.682,1.798025,0.005921652,2023-02-02
1.3056,1.6626,1.7716992,-0.0146415094,2023-02-03
1.3168,1.6738,1.7868976,0.0085784314,2023-02-06
1.3095,1.6665,1.7769915,-0.0055437424,2023-02-07
1.3005,1.6575,1.7647785,-0.0068728522,2023-02-08
1.3295,1.6865,1.8041315,0.0222991157,2023-02-09
1.3511,1.7081,1.8334427,0.0162467093,2023-02-10
1.3226,1.6796,1.7947682,-0.0210939235,2023-02-13
1.3523,1.7093,1.8350711,0.0224557689,2023-02-14
1.3806,1.7376,1.8734742,0.020927309,2023-02-15
1.3487,1.7057,1.8301859,-0.023105896,2023-02-16
1.3526,1.7096,1.8354782,0.0028916735,2023-02-17
1.4068,1.7638,1.9090276,0.0400709744,2023-02-20
1.4043,1.7613,1.9056351,-0.0017770827,2023-02-21
1.4074,1.7644,1.9098418,0.0022075055,2023-02-22
1.4224,1.7794,1.9301968,0.0106579508,2023-02-23
1.4216,1.7786,1.9291112,-0.0005624297,2023-02-24
1.3974,1.7544,1.8962718,-0.0170230726,2023-02-27
1.4093,1.7663,1.9124201,0.0085158151,2023-02-28
1.3824,1.7394,1.8759168,-0.0190874902,2023-03-01
1.36,1.717,1.84552,-0.0162037037,2023-03-02
1.3772,1.7342,1.8688604,0.0126470588,2023-03-03
1.469,1.826,1.993433,0.0666569852,2023-03-06
1.4314,1.7884,1.9424098,-0.0255956433,2023-03-07
1.427,1.784,1.936439,-0.0030739137,2023-03-08
1.3922,1.7492,1.8892154,-0.0243868255,2023-03-09
1.3545,1.7115,1.8380565,-0.0270794426,2023-03-10
1.3514,1.7084,1.8338498,-0.0022886674,2023-03-13
1.3248,1.6818,1.7977536,-0.0196832914,2023-03-14
1.3244,1.6814,1.7972108,-0.0003019324,2023-03-15
1.2982,1.6552,1.7616574,-0.019782543,2023-03-16
1.2828,1.6398,1.7407596,-0.011862579,2023-03-17
1.2383,1.5953,1.6803731,-0.0346897412,2023-03-20
1.2743,1.6313,1.7292251,0.029072115,2023-03-21
1.2689,1.6259,1.7218973,-0.0042376207,2023-03-22
1.2626,1.6196,1.7133482,-0.0049649303,2023-03-23
1.2755,1.6325,1.7308535,0.0102170125,2023-03-24
1.3214,1.6784,1.7931398,0.0359858879,2023-03-27
1.3685,1.7255,1.8570545,0.0356440139,2023-03-28
1.3221,1.6791,1.7940897,-0.0339057362,2023-03-29
1.349,1.706,1.830593,0.0203464186,2023-03-30
1.3352,1.6922,1.8118664,-0.0102297999,2023-03-31
1.3185,1.6755,1.7892045,-0.0125074895,2023-04-03
1.3345,1.6915,1.8109165,0.0121350019,2023-04-04
1.3125,1.6695,1.7810625,-0.0164855751,2023-04-06
1.3086,1.6656,1.7757702,-0.0029714286,2023-04-07
1.361,1.718,1.846877,0.0400427938,2023-04-10
1.3828,1.7398,1.8764596,0.0160176341,2023-04-11
1.3552,1.7122,1.8390064,-0.0199595025,2023-04-12
1.3574,1.7144,1.8419918,0.0016233766,2023-04-13
1.3821,1.7391,1.8755097,0.0181965522,2023-04-14
1.3536,1.7106,1.8368352,-0.0206207944,2023-04-17
1.2603,1.6173,1.7102271,-0.068927305,2023-04-18
1.2333,1.5903,1.6735881,-0.0214234706,2023-04-19
1.1967,1.5537,1.6239219,-0.0296764777,2023-04-20
1.1549,1.5119,1.5671993,-0.0349293892,2023-04-21
1.1726,1.5296,1.5912182,0.0153260023,2023-04-24
1.1541,1.5111,1.5661137,-0.015776906,2023-04-25
1.1757,1.5327,1.5954249,0.0187158825,2023-04-26
1.1535,1.5105,1.5652995,-0.018882368,2023-04-27
1.208,1.565,1.639256,0.0472475076,2023-04-28
1.2308,1.5878,1.6701956,0.0188741722,2023-05-04
1.1834,1.5404,1.6058738,-0.0385115372,2023-05-05
1.2043,1.5613,1.6342351,0.0176609768,2023-05-08
1.1716,1.5286,1.5898612,-0.0271527028,2023-05-09
1.1838,1.5408,1.6064166,0.0104131103,2023-05-10
1.187,1.544,1.610759,0.0027031593,2023-05-11
1.1466,1.5036,1.5559362,-0.0340353833,2023-05-12
1.1546,1.5116,1.5667922,0.0069771498,2023-05-15
1.15,1.507,1.56055,-0.0039840637,2023-05-16
1.1597,1.5167,1.5737129,0.0084347826,2023-05-17
1.1503,1.5073,1.5609571,-0.0081055445,2023-05-18
1.1921,1.5491,1.6176797,0.0363383465,2023-05-19
1.2134,1.5704,1.6465838,0.0178676286,2023-05-22
1.1921,1.5491,1.6176797,-0.0175539806,2023-05-23
1.1982,1.5552,1.6259574,0.0051170204,2023-05-24
1.1384,1.4954,1.5448088,-0.0499081956,2023-05-25
1.1439,1.5009,1.5522723,0.0048313422,2023-05-26
1.115,1.472,1.513055,-0.0252644462,2023-05-29
1.1124,1.4694,1.5095268,-0.0023318386,2023-05-30
1.0329,1.3899,1.4016453,-0.0714670982,2023-05-31
1.0383,1.3953,1.4089731,0.0052279988,2023-06-01
1.0604,1.4174,1.4389628,0.0212847924,2023-06-02
1.0271,1.3841,1.3937747,-0.0314032441,2023-06-05
0.972,1.329,1.319004,-0.0536461883,2023-06-06
0.9736,1.3306,1.3211752,0.0016460905,2023-06-07
0.988,1.345,1.340716,0.0147904684,2023-06-08
0.9775,1.3345,1.3264675,-0.0106275304,2023-06-09
0.9869,1.3439,1.3392233,0.0096163683,2023-06-12
0.9892,1.3462,1.3423444,0.0023305299,2023-06-13
0.9867,1.3437,1.3389519,-0.0025272948,2023-06-14
0.9988,1.3558,1.3553716,0.0122630992,2023-06-15
1.0177,1.3747,1.3810189,0.0189227072,2023-06-16
1.018,1.375,1.381426,0.0002947824,2023-06-19
1.0198,1.3768,1.3838686,0.0017681729,2023-06-20
1.0018,1.3588,1.3594426,-0.0176505197,2023-06-21
0.9851,1.3421,1.3367807,-0.016669994,2023-06-26
1.0117,1.3687,1.3728769,0.0270023348,2023-06-27
1.0083,1.3653,1.3682631,-0.00336068,2023-06-28
1.0383,1.3953,1.4089731,0.0297530497,2023-06-29
1.0497,1.4067,1.4244429,0.0109794857,2023-06-30
1.0518,1.4088,1.4272926,0.0020005716,2023-07-03
1.0444,1.4014,1.4172508,-0.0070355581,2023-07-04
1.0256,1.3826,1.3917392,-0.018000766,2023-07-05
1.0237,1.3807,1.3891609,-0.0018525741,2023-07-06
1.057,1.414,1.434349,0.0325290612,2023-07-07
1.0939,1.4509,1.4844223,0.034910123,2023-07-10
1.1023,1.4593,1.4958211,0.0076789469,2023-07-11
1.1004,1.4574,1.4932428,-0.0017236687,2023-07-12
1.131,1.488,1.534767,0.0278080698,2023-07-13
1.0974,1.4544,1.4891718,-0.0297082228,2023-07-14
1.1055,1.4625,1.5001635,0.0073810826,2023-07-17
1.1456,1.5026,1.5545792,0.0362731796,2023-07-18
1.1506,1.5076,1.5613642,0.0043645251,2023-07-19
1.1233,1.4803,1.5243181,-0.0237267513,2023-07-20
1.134,1.491,1.538838,0.0095255052,2023-07-21
1.1146,1.4716,1.5125122,-0.0171075838,2023-07-24
1.1166,1.4736,1.5152262,0.0017943657,2023-07-25
1.1252,1.4822,1.5268964,0.0077019524,2023-07-26
1.1262,1.4832,1.5282534,0.0008887309,2023-07-27
1.133,1.49,1.537481,0.0060380039,2023-07-28
1.1621,1.5191,1.5769697,0.0256840247,2023-07-31
1.1443,1.5013,1.5528151,-0.0153170984,2023-08-01
1.1304,1.4874,1.5339528,-0.0121471642,2023-08-02
1.1316,1.4886,1.5355812,0.0010615711,2023-08-03
1.1127,1.4697,1.5099339,-0.0167020148,2023-08-04
1.1225,1.4795,1.5232325,0.0088074054,2023-08-07
1.117,1.474,1.515769,-0.0048997773,2023-08-08
1.0944,1.4514,1.4851008,-0.0202327663,2023-08-09
1.0834,1.4404,1.4701738,-0.0100511696,2023-08-10
1.0454,1.4024,1.4186078,-0.0350747646,2023-08-11
1.023,1.38,1.388211,-0.0214272049,2023-08-14
1.0234,1.3804,1.3887538,0.0003910068,2023-08-15
1.0047,1.3617,1.3633779,-0.0182724252,2023-08-16
1.0165,1.3735,1.3793905,0.0117447994,2023-08-17
0.9717,1.3287,1.3185969,-0.0440727988,2023-08-18
0.956,1.313,1.297292,-0.0161572502,2023-08-21
0.9559,1.3129,1.2971563,-0.0001046025,2023-08-22
0.942,1.299,1.278294,-0.01454127,2023-08-23
0.9708,1.3278,1.3173756,0.0305732484,2023-08-24
0.9533,1.3103,1.2936281,-0.01802637,2023-08-25
0.9672,1.3242,1.3124904,0.0145809294,2023-08-28
1.0258,1.3828,1.3920106,0.0605872622,2023-08-29
1.0091,1.3661,1.3693487,-0.0162799766,2023-08-30
1.0003,1.3573,1.3574071,-0.0087206422,2023-08-31
1.0262,1.3832,1.3925534,0.0258922323,2023-09-01
1.0484,1.4054,1.4226788,0.0216332099,2023-09-04
1.0359,1.3929,1.4057163,-0.0119229302,2023-09-05
1.027,1.384,1.393639,-0.0085915629,2023-09-06
0.9994,1.3564,1.3561858,-0.0268743914,2023-09-07
0.9997,1.3567,1.3565929,0.0003001801,2023-09-08
1.0149,1.3719,1.3772193,0.0152045614,2023-09-11
1.0204,1.3774,1.3846828,0.0054192531,2023-09-12
0.966,1.323,1.310862,-0.0533124265,2023-09-13
0.9507,1.3077,1.2900999,-0.0158385093,2023-09-14
0.9566,1.3136,1.2981062,0.0062059535,2023-09-15
0.9667,1.3237,1.3118119,0.0105582271,2023-09-18
0.9638,1.3208,1.3078766,-0.0029998966,2023-09-19
0.9688,1.3258,1.3146616,0.0051877983,2023-09-20
0.9366,1.2936,1.2709662,-0.0332369942,2023-09-21
0.9689,1.3259,1.3147973,0.0344864403,2023-09-22
0.9598,1.3168,1.3024486,-0.0093920941,2023-09-25
0.9472,1.3042,1.2853504,-0.0131277349,2023-09-26
0.961,1.318,1.304077,0.0145692568,2023-09-27
0.9668,1.3238,1.3119476,0.0060353798,2023-09-28
0.9613,1.3183,1.3044841,-0.0056888705,2023-10-09
0.9398,1.2968,1.2753086,-0.0223655467,2023-10-10
0.9428,1.2998,1.2793796,0.0031921685,2023-10-11
0.9607,1.3177,1.3036699,0.0189859992,2023-10-12
0.9296,1.2866,1.2614672,-0.0323722286,2023-10-13
0.906,1.263,1.229442,-0.0253872633,2023-10-16
0.9048,1.2618,1.2278136,-0.0013245033,2023-10-17
0.8663,1.2233,1.1755691,-0.04255084,2023-10-18
0.8447,1.2017,1.1462579,-0.0249336258,2023-10-19
0.8343,1.1913,1.1321451,-0.0123120635,2023-10-20
0.7996,1.1566,1.0850572,-0.0415917536,2023-10-23
0.8338,1.1908,1.1314666,0.0427713857,2023-10-24
0.8433,1.2003,1.1443581,0.0113936196,2023-10-25
0.8506,1.2076,1.1542642,0.0086564686,2023-10-26
0.887,1.244,1.203659,0.0427933224,2023-10-27
0.8969,1.2539,1.2170933,0.0111612176,2023-10-30
0.8456,1.2026,1.1474792,-0.0571970119,2023-10-31
0.901,1.258,1.222657,0.0655156102,2023-11-01
0.93,1.287,1.26201,0.0321864595,2023-11-02
0.9134,1.2704,1.2394838,-0.0178494624,2023-11-03
0.9272,1.2842,1.2582104,0.0151083862,2023-11-06
0.921,1.278,1.249797,-0.006686799,2023-11-07
0.9161,1.2731,1.2431477,-0.005320304,2023-11-08
0.9065,1.2635,1.2301205,-0.0104792053,2023-11-09
0.9373,1.2943,1.2719161,0.033976834,2023-11-10
0.9256,1.2826,1.2560392,-0.012482663,2023-11-13
0.9178,1.2748,1.2454546,-0.0084269663,2023-11-14
0.9192,1.2762,1.2473544,0.0015253868,2023-11-15
0.9035,1.2605,1.2260495,-0.0170800696,2023-11-16
0.9129,1.2699,1.2388053,0.0104039845,2023-11-17
0.927,1.284,1.257939,0.0154452843,2023-11-20
0.9111,1.2681,1.2363627,-0.0171521036,2023-11-21
0.9065,1.2635,1.2301205,-0.0050488421,2023-11-22
0.9174,1.2744,1.2449118,0.0120242692,2023-11-23
0.9186,1.2756,1.2465402,0.0013080445,2023-11-24
0.8994,1.2564,1.2204858,-0.0209013717,2023-11-27
0.8969,1.2539,1.2170933,-0.0027796309,2023-11-28
0.8713,1.2283,1.1823541,-0.0285427584,2023-11-29
0.8734,1.2304,1.1852038,0.0024101917,2023-11-30
0.8701,1.2271,1.1807257,-0.0037783375,2023-12-01
0.8838,1.2408,1.1993166,0.0157453166,2023-12-04
0.8473,1.2043,1.1497861,-0.0412989364,2023-12-05
0.9229,1.2799,1.2523753,0.0892245958,2023-12-06
0.9181,1.2751,1.2458617,-0.0052009969,2023-12-07
0.8969,1.2539,1.2170933,-0.0230911665,2023-12-08
0.899,1.256,1.219943,0.0023413981,2023-12-11
0.9024,1.2594,1.2245568,0.00378198,2023-12-12
0.8712,1.2282,1.1822184,-0.0345744681,2023-12-13
0.8503,1.2073,1.1538571,-0.023989899,2023-12-14
0.8549,1.2119,1.1600993,0.0054098553,2023-12-15
0.8347,1.1917,1.1326879,-0.0236284946,2023-12-18
0.8162,1.1732,1.1075834,-0.0221636516,2023-12-19
0.8072,1.1642,1.0953704,-0.0110267091,2023-12-20
0.8111,1.1681,1.1006627,0.0048315164,2023-12-21
0.8071,1.1641,1.0952347,-0.0049315744,2023-12-22
0.8022,1.1592,1.0885854,-0.0060711188,2023-12-25
0.8001,1.1571,1.0857357,-0.002617801,2023-12-26
0.8068,1.1638,1.0948276,0.0083739533,2023-12-27
0.8409,1.1979,1.1411013,0.0422657412,2023-12-28
0.844,1.201,1.145308,0.0036865263,2023-12-29
0.8445,1.2015,1.1459865,0.0005924171,2024-01-02
0.8359,1.1929,1.1343163,-0.0101835406,2024-01-03
0.8238,1.1808,1.1178966,-0.0144754157,2024-01-04
0.7934,1.1504,1.0766438,-0.0369021607,2024-01-05
0.7643,1.1213,1.0371551,-0.0366775901,2024-01-08
0.7689,1.1259,1.0433973,0.0060185791,2024-01-09
0.769,1.126,1.043533,0.0001300559,2024-01-10
0.7923,1.1493,1.0751511,0.0302990897,2024-01-11
0.7901,1.1471,1.0721657,-0.002776726,2024-01-12
0.7737,1.1307,1.0499109,-0.0207568662,2024-01-15
0.7717,1.1287,1.0471969,-0.0025849813,2024-01-16
0.7321,1.0891,0.9934597,-0.051315278,2024-01-17
0.7488,1.1058,1.0161216,0.0228110914,2024-01-18
0.746,1.103,1.012322,-0.0037393162,2024-01-19
0.6693,1.0263,0.9082401,-0.1028150134,2024-01-22
0.6623,1.0193,0.8987411,-0.0104586882,2024-01-23
0.6857,1.0427,0.9304949,0.0353314208,2024-01-24
0.7205,1.0775,0.9777185,0.0507510573,2024-01-25
0.7244,1.0814,0.9830108,0.0054129077,2024-01-26
0.6987,1.0557,0.9481359,-0.0354776367,2024-01-29
0.6823,1.0393,0.9258811,-0.0234721626,2024-01-30
0.627,0.984,0.850839,-0.0810493918,2024-01-31
0.6233,0.9803,0.8458181,-0.0059011164,2024-02-01
0.5908,0.9478,0.8017156,-0.0521418258,2024-02-02
0.4976,0.8546,0.6752432,-0.1577522004,2024-02-05
0.5641,0.9211,0.7654837,0.1336414791,2024-02-06
0.562,0.919,0.762634,-0.0037227442,2024-02-07
0.6153,0.9723,0.8349621,0.0948398577,2024-02-08
0.6273,0.9843,0.8512461,0.0195026816,2024-02-19
0.6283,0.9853,0.8526031,0.0015941336,2024-02-20
0.6315,0.9885,0.8569455,0.0050931084,2024-02-21
0.6395,0.9965,0.8678015,0.0126682502,2024-02-22
0.6514,1.0084,0.8839498,0.0186082877,2024-02-23
0.6744,1.0314,0.9151608,0.0353085662,2024-02-26
0.7178,1.0748,0.9740546,0.0643534994,2024-02-27
0.6472,1.0042,0.8782504,-0.098356088,2024-02-28
0.6744,1.0314,0.9151608,0.0420271941,2024-02-29
0.6715,1.0285,0.9112255,-0.0043001186,2024-03-01
0.6574,1.0144,0.8920918,-0.0209977662,2024-03-04
0.6572,1.0142,0.8918204,-0.0003042288,2024-03-05
0.6589,1.0159,0.8941273,0.0025867316,2024-03-06
0.648,1.005,0.879336,-0.0165427227,2024-03-07
0.6476,1.0046,0.8787932,-0.000617284,2024-03-08
0.6712,1.0282,0.9108184,0.0364422483,2024-03-11
0.6942,1.0512,0.9420294,0.0342669845,2024-03-12
0.6876,1.0446,0.9330732,-0.0095073466,2024-03-13
0.6767,1.0337,0.9182819,-0.0158522397,2024-03-14
0.6864,1.0434,0.9314448,0.0143342692,2024-03-15
0.7066,1.0636,0.9588562,0.0294289044,2024-03-18
0.7243,1.0813,0.9828751,0.025049533,2024-03-19
0.7175,1.0745,0.9736475,-0.009388375,2024-03-20
0.7467,1.1037,1.0132719,0.0406968641,2024-03-21
0.7273,1.0843,0.9869461,-0.025980983,2024-03-22
0.6904,1.0474,0.9368728,-0.0507355974,2024-03-25
0.6982,1.0552,0.9474574,0.0112977984,2024-03-26
0.698,1.055,0.947186,-0.0002864509,2024-03-27
0.712,1.069,0.966184,0.0200573066,2024-03-28
0.7402,1.0972,1.0044514,0.0396067416,2024-03-29
0.7503,1.1073,1.0181571,0.0136449608,2024-04-01
0.7413,1.0983,1.0059441,-0.0119952019,2024-04-02
0.7452,1.1022,1.0112364,0.0052610279,2024-04-03
0.7206,1.0776,0.9778542,-0.0330112721,2024-04-08
0.7363,1.0933,0.9991591,0.0217873994,2024-04-09
0.6971,1.0541,0.9459647,-0.0532391688,2024-04-10
0.6967,1.0537,0.9454219,-0.0005738058,2024-04-11
0.7242,1.0812,0.9827394,0.0394717956,2024-04-12
0.688,1.045,0.933616,-0.0499861917,2024-04-15
0.6142,0.9712,0.8334694,-0.1072674419,2024-04-16
0.6587,1.0157,0.8938559,0.07245197,2024-04-17
0.6583,1.0153,0.8933131,-0.0006072567,2024-04-18
0.6834,1.0404,0.9273738,0.0381285128,2024-04-19
0.6951,1.0521,0.9432507,0.0171202809,2024-04-22
0.6842,1.0412,0.9284594,-0.015681197,2024-04-23
0.678,1.035,0.920046,-0.0090616779,2024-04-24
0.6868,1.0438,0.9319876,0.012979351,2024-04-25
0.6873,1.0443,0.9326661,0.000728014,2024-04-26
0.7242,1.0812,0.9827394,0.0536883457,2024-04-29
0.7355,1.0925,0.9980735,0.0156034245,2024-04-30
0.7626,1.1196,1.0348482,0.0368456832,2024-05-06
0.7791,1.1361,1.0572387,0.0216365067,2024-05-07
0.7816,1.1386,1.0606312,0.0032088307,2024-05-08
0.7887,1.1457,1.0702659,0.0090839304,2024-05-09
0.7802,1.1372,1.0587314,-0.0107772284,2024-05-10
0.7642,1.1212,1.0370194,-0.0205075622,2024-05-13
0.7712,1.1282,1.0465184,0.0091599058,2024-05-14
0.7372,1.0942,1.0003804,-0.0440871369,2024-05-15
0.7375,1.0945,1.0007875,0.0004069452,2024-05-16
0.7463,1.1033,1.0127291,0.0119322034,2024-05-17
0.7574,1.1144,1.0277918,0.0148733753,2024-05-20
0.7505,1.1075,1.0184285,-0.0091101135,2024-05-21
0.7644,1.1214,1.0372908,0.018520986,2024-05-22
0.7331,1.0901,0.9948167,-0.0409471481,2024-05-23
0.7359,1.0929,0.9986163,0.0038193971,2024-05-24
0.7497,1.1067,1.0173429,0.0187525479,2024-05-27
0.7238,1.0808,0.9821966,-0.0345471522,2024-05-28
0.7127,1.0697,0.9671339,-0.0153357281,2024-05-29
0.6953,1.0523,0.9435221,-0.0244141995,2024-05-30
0.6977,1.0547,0.9467789,0.0034517474,2024-05-31
0.6797,1.0367,0.9223529,-0.025799054,2024-06-03
0.6742,1.0312,0.9148894,-0.0080918052,2024-06-04
0.6399,0.9969,0.8683443,-0.0508751112,2024-06-05
0.6107,0.9677,0.8287199,-0.04563213,2024-06-06
0.6155,0.9725,0.8352335,0.007859833,2024-06-07
0.6171,0.9741,0.8374047,0.0025995126,2024-06-11
0.6248,0.9818,0.8478536,0.0124777184,2024-06-12
0.6032,0.9602,0.8185424,-0.0345710627,2024-06-13
0.5924,0.9494,0.8038868,-0.0179045093,2024-06-14
0.5885,0.9455,0.7985945,-0.0065833896,2024-06-17
0.6046,0.9616,0.8204422,0.027357689,2024-06-18
0.5841,0.9411,0.7926237,-0.0339067152,2024-06-19
0.5483,0.9053,0.7440431,-0.0612908749,2024-06-20
0.5514,0.9084,0.7482498,0.0056538391,2024-06-21
0.5441,0.9011,0.7383437,-0.0132390279,2024-06-24
0.5632,0.9202,0.7642624,0.0351038412,2024-06-25
0.5897,0.9467,0.8002229,0.0470525568,2024-06-26
0.5676,0.9246,0.7702332,-0.0374766831,2024-06-27
0.5804,0.9374,0.7876028,0.0225510923,2024-06-28
0.6281,0.9851,0.8523317,0.0821847002,2024-07-01
0.6301,0.9871,0.8550457,0.0031842063,2024-07-02
0.6249,0.9819,0.8479893,-0.0082526583,2024-07-03
0.5833,0.9403,0.7915381,-0.0665706513,2024-07-04
0.5813,0.9383,0.7888241,-0.0034287674,2024-07-05
0.5647,0.9217,0.7662979,-0.0285566833,2024-07-08
0.5729,0.9299,0.7774253,0.0145209846,2024-07-09
0.5358,0.8928,0.7270806,-0.0647582475,2024-07-10
0.5717,0.9287,0.7757969,0.0670026129,2024-07-11
0.5556,0.9126,0.7539492,-0.0281616232,2024-07-12
0.5624,0.9194,0.7631768,0.0122390209,2024-07-15
0.5543,0.9113,0.7521851,-0.0144025605,2024-07-16
0.5602,0.9172,0.7601914,0.0106440556,2024-07-17
0.5714,0.9284,0.7753898,0.0199928597,2024-07-18
0.6115,0.9685,0.8298055,0.0701785089,2024-07-19
0.6027,0.9597,0.8178639,-0.0143908422,2024-07-22
0.5797,0.9367,0.7866529,-0.0381616061,2024-07-23
0.5734,0.9304,0.7781038,-0.0108676902,2024-07-24
0.5884,0.9454,0.7984588,0.0261597489,2024-07-25
0.6065,0.9635,0.8230205,0.0307613868,2024-07-26
0.5817,0.9387,0.7893669,-0.0408903545,2024-07-29
0.5885,0.9455,0.7985945,0.0116898745,2024-07-30
0.6299,0.9869,0.8547743,0.0703483432,2024-07-31
0.6333,0.9903,0.8593881,0.0053976822,2024-08-01
0.6248,0.9818,0.8478536,-0.013421759,2024-08-02
0.5997,0.9567,0.8137929,-0.0401728553,2024-08-05
0.6323,0.9893,0.8580311,0.0543605136,2024-08-06
0.6144,0.9714,0.8337408,-0.0283093468,2024-08-07
0.6322,0.9892,0.8578954,0.0289713542,2024-08-08
0.6,0.957,0.8142,-0.050933249,2024-08-09
0.59,0.947,0.80063,-0.0166666667,2024-08-12
0.5916,0.9486,0.8028012,0.0027118644,2024-08-13
0.5731,0.9301,0.7776967,-0.0312711291,2024-08-14
0.5715,0.9285,0.7755255,-0.0027918339,2024-08-15
0.5598,0.9168,0.7596486,-0.0204724409,2024-08-16
0.5623,0.9193,0.7630411,0.0044658807,2024-08-19
0.539,0.896,0.731423,-0.0414369554,2024-08-20
0.5192,0.8762,0.7045544,-0.0367346939,2024-08-21
0.4991,0.8561,0.6772787,-0.0387134052,2024-08-22
0.4912,0.8482,0.6665584,-0.0158284913,2024-08-23
0.5087,0.8657,0.6903059,0.0356270358,2024-08-26
0.4953,0.8523,0.6721221,-0.0263416552,2024-08-27
0.4982,0.8552,0.6760574,0.0058550374,2024-08-28
0.5124,0.8694,0.6953268,0.0285026094,2024-08-29
0.5293,0.8863,0.7182601,0.0329820453,2024-08-30
0.5211,0.8781,0.7071327,-0.0154921595,2024-09-02
0.5242,0.8812,0.7113394,0.0059489541,2024-09-03
0.5184,0.8754,0.7034688,-0.0110644792,2024-09-04
0.5296,0.8866,0.7186672,0.0216049383,2024-09-05
0.5154,0.8724,0.6993978,-0.0268126888,2024-09-06
0.5146,0.8716,0.6983122,-0.0015521925,2024-09-09
0.508,0.865,0.689356,-0.0128254955,2024-09-10
0.5148,0.8718,0.6985836,0.0133858268,2024-09-11
0.5106,0.8676,0.6928842,-0.0081585082,2024-09-12
0.5031,0.8601,0.6827067,-0.0146886016,2024-09-13
0.4827,0.8397,0.6550239,-0.0405485987,2024-09-18
0.5122,0.8692,0.6950554,0.0611145639,2024-09-19
0.508,0.865,0.689356,-0.0081999219,2024-09-20
0.5072,0.8642,0.6882704,-0.0015748031,2024-09-23
0.5473,0.9043,0.7426861,0.0790615142,2024-09-24
0.5482,0.9052,0.7439074,0.0016444363,2024-09-25
0.5993,0.9563,0.8132501,0.0932141554,2024-09-26
0.6377,0.9947,0.8653589,0.0640747539,2024-09-27
0.7288,1.0858,0.9889816,0.1428571429,2024-09-30
0.7855,1.1425,1.0659235,0.0777991218,2024-10-08
0.6789,1.0359,0.9212673,-0.135709739,2024-10-09
0.7001,1.0571,0.9500357,0.0312269848,2024-10-10
0.6529,1.0099,0.8859853,-0.0674189402,2024-10-11
0.6688,1.0258,0.9075616,0.0243528871,2024-10-14
0.6493,1.0063,0.8811001,-0.0291566986,2024-10-15
0.6639,1.0209,0.9009123,0.0224857539,2024-10-16
0.6548,1.0118,0.8885636,-0.0137068836,2024-10-17
0.6763,1.0333,0.9177391,0.0328344533,2024-10-18
0.6754,1.0324,0.9165178,-0.0013307704,2024-10-21
0.6962,1.0532,0.9447434,0.030796565,2024-10-22
0.6949,1.0519,0.9429793,-0.0018672795,2024-10-23
0.726,1.083,0.985182,0.044754641,2024-10-24
0.767,1.124,1.040819,0.0564738292,2024-10-25
0.8114,1.1684,1.1010698,0.0578878748,2024-10-28
0.7538,1.1108,1.0229066,-0.0709884151,2024-10-29
0.7537,1.1107,1.0227709,-0.0001326612,2024-10-30
0.753,1.11,1.021821,-0.0009287515,2024-10-31
0.7172,1.0742,0.9732404,-0.0475431607,2024-11-01
0.7367,1.0937,0.9997019,0.0271890686,2024-11-04
0.7589,1.1159,1.0298273,0.0301343831,2024-11-05
0.7819,1.1389,1.0610383,0.0303070233,2024-11-06
0.8181,1.1751,1.1101617,0.0462974805,2024-11-07
0.8002,1.1572,1.0858714,-0.0218799658,2024-11-08
0.8158,1.1728,1.1070406,0.0194951262,2024-11-11
0.807,1.164,1.095099,-0.0107869576,2024-11-12
0.7923,1.1493,1.0751511,-0.0182156134,2024-11-13
0.7594,1.1164,1.0305058,-0.041524675,2024-11-14
0.7538,1.1108,1.0229066,-0.0073742428,2024-11-15
0.7566,1.1136,1.0267062,0.0037145131,2024-11-18
0.7794,1.1364,1.0576458,0.0301348136,2024-11-19
0.8019,1.1589,1.0881783,0.0288683603,2024-11-20
0.8157,1.1727,1.1069049,0.0172091283,2024-11-21
0.7798,1.1368,1.0581886,-0.0440112787,2024-11-22
0.7948,1.1518,1.0785436,0.0192357015,2024-11-25
0.7858,1.1428,1.0663306,-0.0113236034,2024-11-26
0.7955,1.1525,1.0794935,0.0123441079,2024-11-27
0.7938,1.1508,1.0771866,-0.0021370207,2024-11-28
0.8042,1.1612,1.0912994,0.0131015369,2024-11-29
0.8584,1.2154,1.1648488,0.0673961701,2024-12-02
0.8918,1.2488,1.2101726,0.0389095993,2024-12-03
0.8851,1.2421,1.2010807,-0.0075128953,2024-12-04
0.8709,1.2279,1.1818113,-0.0160433849,2024-12-05
0.873,1.23,1.184661,0.0024112987,2024-12-06
0.866,1.223,1.175162,-0.0080183276,2024-12-09
0.8847,1.2417,1.2005379,0.0215935335,2024-12-10
0.9008,1.2578,1.2223856,0.0181982593,2024-12-11
0.9089,1.2659,1.2333773,0.0089920071,2024-12-12
0.879,1.236,1.192803,-0.0328969084,2024-12-13
0.8669,1.2239,1.1763833,-0.0137656428,2024-12-16
0.8176,1.1746,1.1094832,-0.0568693044,2024-12-17
0.8104,1.1674,1.0997128,-0.0088062622,2024-12-18
0.8138,1.1708,1.1043266,0.004195459,2024-12-19
0.8186,1.1756,1.1108402,0.0058982551,2024-12-20
0.7649,1.1219,1.0379693,-0.0655998045,2024-12-23
0.7831,1.1401,1.0626667,0.02379396,2024-12-24
0.7611,1.1181,1.0328127,-0.0280934747,2024-12-25
0.762,1.119,1.034034,0.001182499,2024-12-26
0.8007,1.1577,1.0865499,0.0507874016,2024-12-27
0.7799,1.1369,1.0583243,-0.0259772699,2024-12-30
0.7468,1.1038,1.0134076,-0.0424413386,2024-12-31
0.7186,1.0756,0.9751402,-0.0377611141,2025-01-02
0.6739,1.0309,0.9144823,-0.0622042861,2025-01-03
0.683,1.04,0.926831,0.0135034872,2025-01-06
0.7125,1.0695,0.9668625,0.0431918009,2025-01-07
0.6932,1.0502,0.9406724,-0.0270877193,2025-01-08
0.6829,1.0399,0.9266953,-0.0148586267,2025-01-09
0.6757,1.0327,0.9169249,-0.0105432713,2025-01-10
0.6828,1.0398,0.9265596,0.0105076217,2025-01-13
0.7143,1.0713,0.9693051,0.0461335677,2025-01-14
0.7089,1.0659,0.9619773,-0.0075598488,2025-01-15
0.7186,1.0756,0.9751402,0.0136831711,2025-01-16
0.7134,1.0704,0.9680838,-0.0072362928,2025-01-17
0.7221,1.0791,0.9798897,0.012195122,2025-01-20
0.7163,1.0733,0.9720191,-0.0080321285,2025-01-21
0.7481,1.1051,1.0151717,0.0443948066,2025-01-22
0.721,1.078,0.978397,-0.0362251036,2025-01-23
0.7263,1.0833,0.9855891,0.0073509015,2025-01-24
0.7415,1.0985,1.0062155,0.0209279912,2025-01-27
0.7298,1.0868,0.9903386,-0.0157788267,2025-02-05
0.7373,1.0943,1.0005161,0.0102767882,2025-02-06
0.7673,1.1243,1.0412261,0.0406890004,2025-02-07
0.7735,1.1305,1.0496395,0.0080802815,2025-02-10
0.7809,1.1379,1.0596813,0.0095669037,2025-02-11
0.7726,1.1296,1.0484182,-0.0106287617,2025-02-12
0.7701,1.1271,1.0450257,-0.0032358271,2025-02-13
0.766,1.123,1.039462,-0.0053239839,2025-02-14
0.7585,1.1155,1.0292845,-0.0097911227,2025-02-17
0.7308,1.0878,0.9916956,-0.0365194463,2025-02-18
0.7419,1.0989,1.0067583,0.0151888342,2025-02-19
0.7478,1.1048,1.0147646,0.0079525543,2025-02-20
0.7588,1.1158,1.0296916,0.0147098155,2025-02-21
0.7669,1.1239,1.0406833,0.0106747496,2025-02-24
0.7485,1.1055,1.0157145,-0.0239926979,2025-02-25
0.7751,1.1321,1.0518107,0.0355377422,2025-02-26
0.7682,1.1252,1.0424474,-0.0089020772,2025-02-27
0.7437,1.1007,1.0092009,-0.0318927363,2025-02-28
0.7422,1.0992,1.0071654,-0.0020169423,2025-03-03
0.7654,1.1224,1.0386478,0.0312584209,2025-03-04
0.7541,1.1111,1.0233137,-0.0147635223,2025-03-05
0.7554,1.1124,1.0250778,0.0017239093,2025-03-06
0.7542,1.1112,1.0234494,-0.0015885624,2025-03-07
0.775,1.132,1.051675,0.0275788915,2025-03-10
0.7887,1.1457,1.0702659,0.0176774194,2025-03-11
0.7863,1.1433,1.0670091,-0.0030429821,2025-03-12
0.8007,1.1577,1.0865499,0.0183136208,2025-03-13
0.8282,1.1852,1.1238674,0.0343449482,2025-03-14
0.8522,1.2092,1.1564354,0.0289785076,2025-03-17
0.857,1.214,1.162949,0.0056324806,2025-03-18
0.8616,1.2186,1.1691912,0.0053675613,2025-03-19
0.8616,1.2186,1.1691912,0.0,2025-03-20
0.8866,1.2436,1.2031162,0.0290157846,2025-03-21
0.8906,1.2476,1.2085442,0.0045116174,2025-03-24
0.8791,1.2361,1.1929387,-0.0129126432,2025-03-25
0.8967,1.2537,1.2168219,0.0200204755,2025-03-26
0.8947,1.2517,1.2141079,-0.0022304004,2025-03-27
0.8784,1.2354,1.1919888,-0.0182183972,2025-03-28
0.8294,1.1864,1.1254958,-0.0557832423,2025-03-31
0.8316,1.1886,1.1284812,0.0026525199,2025-04-01
0.8327,1.1897,1.1299739,0.0013227513,2025-04-02
0.83,1.187,1.12631,-0.0032424643,2025-04-03
0.7285,1.0855,0.9885745,-0.1222891566,2025-04-07
0.7322,1.0892,0.9935954,0.0050789293,2025-04-08
0.7577,1.1147,1.0281989,0.0348265501,2025-04-09
0.7821,1.1391,1.0613097,0.0322027188,2025-04-10
0.7638,1.1208,1.0364766,-0.0233985424,2025-04-11
0.7908,1.1478,1.0731156,0.0353495679,2025-04-14
0.7955,1.1525,1.0794935,0.0059433485,2025-04-15
0.7677,1.1247,1.0417689,-0.0349465745,2025-04-16
0.7732,1.1302,1.0492324,0.0071642569,2025-04-17
0.7601,1.1171,1.0314557,-0.0169425763,2025-04-18
0.7702,1.1272,1.0451614,0.0132877253,2025-04-21
0.7783,1.1353,1.0561531,0.0105167489,2025-04-22
0.7786,1.1356,1.0565602,0.0003854555,2025-04-23
0.7758,1.1328,1.0527606,-0.0035961983,2025-04-24
0.7771,1.1341,1.0545247,0.0016756896,2025-04-25
0.7431,1.1001,1.0083867,-0.0437524128,2025-04-28
0.6905,1.0475,0.9370085,-0.0707845512,2025-04-29
0.6792,1.0362,0.9216744,-0.0163649529,2025-04-30
0.702,1.059,0.952614,0.0335689046,2025-05-06
0.7221,1.0791,0.9798897,0.0286324786,2025-05-07
0.7301,1.0871,0.9907457,0.011078798,2025-05-08
0.7124,1.0694,0.9667268,-0.0242432543,2025-05-09
0.7201,1.0771,0.9771757,0.0108085345,2025-05-12
0.7221,1.0791,0.9798897,0.002777392,2025-05-13
0.7221,1.0791,0.9798897,0.0,2025-05-14
0.7193,1.0763,0.9760901,-0.0038775793,2025-05-15
0.725,1.082,0.983825,0.0079243709,2025-05-16
0.7304,1.0874,0.9911528,0.0074482759,2025-05-19
0.7357,1.0927,0.9983449,0.0072562979,2025-05-20
0.7241,1.0811,0.9826037,-0.0157672965,2025-05-21
0.7066,1.0636,0.9588562,-0.0241679326,2025-05-22
0.697,1.054,0.945829,-0.0135861874,2025-05-23
0.6944,1.0514,0.9423008,-0.0037302726,2025-05-26
0.6969,1.0539,0.9456933,0.0036002304,2025-05-27
0.703,1.06,0.953971,0.0087530492,2025-05-28
0.7189,1.0759,0.9755473,0.0226173542,2025-05-29
0.7091,1.0661,0.9622487,-0.0136319377,2025-05-30
0.7152,1.0722,0.9705264,0.0086024538,2025-06-03
0.7278,1.0848,0.9876246,0.0176174497,2025-06-04
0.7237,1.0807,0.9820609,-0.0056334158,2025-06-05
0.7238,1.0808,0.9821966,0.0001381788,2025-06-06
0.7284,1.0854,0.9884388,0.0063553468,2025-06-09
0.7267,1.0837,0.9861319,-0.0023338825,2025-06-10
0.7391,1.0961,1.0029587,0.0170634375,2025-06-11
0.7249,1.0819,0.9836893,-0.0192125558,2025-06-12
0.7119,1.0689,0.9660483,-0.0179335081,2025-06-13
0.7108,1.0678,0.9645556,-0.0015451608,2025-06-16
0.7082,1.0652,0.9610274,-0.0036578503,2025-06-17
0.7033,1.0603,0.9543781,-0.0069189494,2025-06-18
0.6802,1.0372,0.9230314,-0.0328451585,2025-06-19
0.6829,1.0399,0.9266953,0.0039694208,2025-06-20
0.6951,1.0521,0.9432507,0.0178649876,2025-06-23
0.7138,1.0708,0.9686266,0.0269026039,2025-06-24
0.7378,1.0948,1.0011946,0.0336228635,2025-06-25
0.751,1.108,1.019107,0.0178910274,2025-06-26
0.7541,1.1111,1.0233137,0.0041278296,2025-06-27
0.7718,1.1288,1.0473326,0.0234716881,2025-06-30
0.7771,1.1341,1.0545247,0.006867064,2025-07-01
0.7989,1.1559,1.0841073,0.0280530176,2025-07-02
0.7917,1.1487,1.0743369,-0.009012392,2025-07-03
0.7901,1.1471,1.0721657,-0.0020209675,2025-07-04
0.7828,1.1398,1.0622596,-0.0092393368,2025-07-07
0.7868,1.1438,1.0676876,0.005109862,2025-07-08
0.7959,1.1529,1.0800363,0.0115658363,2025-07-09
0.7999,1.1569,1.0854643,0.005025757,2025-07-10
0.8056,1.1626,1.0931992,0.0071258907,2025-07-11
0.8187,1.1757,1.1109759,0.0162611718,2025-07-14
0.7934,1.1504,1.0766438,-0.0309026505,2025-07-15
0.7918,1.1488,1.0744726,-0.0020166373,2025-07-16
0.7933,1.1503,1.0765081,0.0018944178,2025-07-17
0.7907,1.1477,1.0729799,-0.0032774486,2025-07-18
0.8134,1.1704,1.1037838,0.0287087391,2025-07-21
0.8358,1.1928,1.1341806,0.0275387263,2025-07-22
0.8216,1.1786,1.1149112,-0.0169897105,2025-07-23
0.8299,1.1869,1.1261743,0.0101022395,2025-07-24
0.8302,1.1872,1.1265814,0.0003614893,2025-07-25
0.8352,1.1922,1.1333664,0.0060226451,2025-07-28
0.8425,1.1995,1.1432725,0.0087404215,2025-07-29
0.8674,1.2244,1.1770618,0.0295548961,2025-07-30
0.8563,1.2133,1.1619991,-0.0127968642,2025-07-31
0.8482,1.2052,1.1510074,-0.0094593016,2025-08-01
0.8541,1.2111,1.1590137,0.0069559066,2025-08-04
0.8826,1.2396,1.1976882,0.033368458,2025-08-05
0.9022,1.2592,1.2242854,0.0222071153,2025-08-06
0.8935,1.2505,1.2124795,-0.0096430947,2025-08-07
0.9198,1.2768,1.2481686,0.0294348069,2025-08-08
0.9298,1.2868,1.2617386,0.0108719287,2025-08-11
0.9144,1.2714,1.2408408,-0.0165627017,2025-08-12
0.9095,1.2665,1.2341915,-0.0053587052,2025-08-13
0.884,1.241,1.199588,-0.0280373832,2025-08-14
0.9171,1.2741,1.2445047,0.0374434389,2025-08-15
0.9184,1.2754,1.2462688,0.0014175117,2025-08-18
0.9112,1.2682,1.2364984,-0.0078397213,2025-08-19
0.905,1.262,1.228085,-0.0068042142,2025-08-20
0.9069,1.2639,1.2306633,0.0020994475,2025-08-21
0.9053,1.2623,1.2284921,-0.0017642518,2025-08-22
0.907,1.264,1.230799,0.0018778306,2025-08-25
0.9238,1.2808,1.2535966,0.018522602,2025-08-26
0.8681,1.2251,1.1780117,-0.060294436,2025-08-27
0.8594,1.2164,1.1662058,-0.0100218869,2025-08-28
0.8542,1.2112,1.1591494,-0.0060507331,2025-08-29
0.8519,1.2089,1.1560283,-0.0026925779,2025-09-01
0.8432,1.2002,1.1442224,-0.0102124663,2025-09-02
0.8111,1.1681,1.1006627,-0.03806926,2025-09-03
0.8187,1.1757,1.1109759,0.0093699914,2025-09-04
0.8301,1.1871,1.1264457,0.0139245145,2025-09-05
0.8577,1.2147,1.1638989,0.0332490061,2025-09-08
0.8483,1.2053,1.1511431,-0.010959543,2025-09-09
0.8494,1.2064,1.1526358,0.0012967111,2025-09-10
0.8604,1.2174,1.1675628,0.0129503179,2025-09-11
0.859,1.216,1.165663,-0.0016271502,2025-09-12
0.851,1.208,1.154807,-0.0093131548,2025-09-15
0.8501,1.2071,1.1535857,-0.0010575793,2025-09-16
0.8646,1.2216,1.1732622,0.0170568168,2025-09-17
0.8675,1.2245,1.1771975,0.0033541522,2025-09-18
0.8712,1.2282,1.1822184,0.0042651297,2025-09-19
0.8583,1.2153,1.1647131,-0.0148071625,2025-09-22
0.8683,1.2253,1.1782831,0.0116509379,2025-09-23
0.8757,1.2327,1.1883249,0.0085224001,2025-09-24
0.8692,1.2262,1.1795044,-0.0074226333,2025-09-25
0.8759,1.2329,1.1885963,0.0077082375,2025-09-26
0.8912,1.2482,1.2093584,0.0174677475,2025-09-29
0.9026,1.2596,1.2248282,0.0127917415,2025-09-30
0.9111,1.2681,1.2363627,0.0094172391,2025-10-09
0.9351,1.2921,1.2689307,0.0263417847,2025-10-10
0.9121,1.2691,1.2377197,-0.0245962999,2025-10-13
0.8943,1.2513,1.2135651,-0.019515404,2025-10-14
0.9179,1.2749,1.2455903,0.0263893548,2025-10-15
0.9051,1.2621,1.2282207,-0.0139448742,2025-10-16
0.8649,1.2219,1.1736693,-0.0444149818,2025-10-17
0.8677,1.2247,1.1774689,0.0032373685,2025-10-20
0.9131,1.2701,1.2390767,0.0523222312,2025-10-21
0.9295,1.2865,1.2613315,0.0179607929,2025-10-22
0.9326,1.2896,1.2655382,0.0033351264,2025-10-23
0.9552,1.3122,1.2962064,0.0242333262,2025-10-24
0.977,1.334,1.325789,0.0228224456,2025-10-27
0.9417,1.2987,1.2778869,-0.0361310133,2025-10-28
0.944,1.301,1.281008,0.0024423914,2025-10-29
0.8842,1.2412,1.1998594,-0.0633474576,2025-10-30
0.877,1.234,1.190089,-0.0081429541,2025-10-31
0.8893,1.2463,1.2067801,0.0140250855,2025-11-03
0.8954,1.2524,1.2150578,0.0068593276,2025-11-04
0.9167,1.2737,1.2439619,0.0237882511,2025-11-05
0.9217,1.2787,1.2507469,0.0054543471,2025-11-06
0.9261,1.2831,1.2567177,0.0047737876,2025-11-07
0.9382,1.2952,1.2731374,0.0130655437,2025-11-10
0.9469,1.3039,1.2849433,0.0092730761,2025-11-11
0.9312,1.2882,1.2636384,-0.0165804203,2025-11-12
0.9195,1.2765,1.2477615,-0.012564433,2025-11-13
0.9248,1.2818,1.2549536,0.0057640022,2025-11-14
0.9009,1.2579,1.2225213,-0.0258434256,2025-11-17
0.8688,1.2258,1.1789616,-0.0356310356,2025-11-18
0.8669,1.2239,1.1763833,-0.0021869245,2025-11-19
0.8584,1.2154,1.1648488,-0.0098050525,2025-11-20
0.8008,1.1578,1.0866856,-0.0671015843,2025-11-21
0.8126,1.1696,1.1026982,0.0147352647,2025-11-24
0.8141,1.1711,1.1047337,0.0018459267,2025-11-25
0.807,1.164,1.095099,-0.0087212873,2025-11-26
0.8208,1.1778,1.1138256,0.0171003717,2025-11-27
0.8448,1.2018,1.1463936,0.0292397661,2025-11-28
0.8303,1.1873,1.1267171,-0.0171638258,2025-12-01
0.8179,1.1749,1.1098903,-0.0149343611,2025-12-02
0.8247,1.1817,1.1191179,0.0083139748,2025-12-03
0.8422,1.1992,1.1428654,0.0212198375,2025-12-04
0.8582,1.2152,1.1645774,0.0189978627,2025-12-05
0.862,1.219,1.169734,0.0044278723,2025-12-08
0.8662,1.2232,1.1754334,0.0048723898,2025-12-09
0.8678,1.2248,1.1776046,0.0018471485,2025-12-10
0.8365,1.1935,1.1351305,-0.0360682185,2025-12-11
0.8588,1.2158,1.1653916,0.026658697,2025-12-12
0.8661,1.2231,1.1752977,0.0085002329,2025-12-15
0.843,1.2,1.143951,-0.0266712851,2025-12-16
0.8457,1.2027,1.1476149,0.003202847,2025-12-17
0.8422,1.1992,1.1428654,-0.0041385834,2025-12-18
0.8747,1.2317,1.1869679,0.0385894087,2025-12-19
0.8826,1.2396,1.1976882,0.009031668,2025-12-22
0.8608,1.2178,1.1681056,-0.0246997507,2025-12-23
0.857,1.214,1.162949,-0.0044144981,2025-12-24
0.8778,1.2348,1.1911746,0.0242707118,2025-12-25
0.8783,1.2353,1.1918531,0.0005696058,2025-12-26
0.8684,1.2254,1.1784188,-0.011271775,2025-12-29
0.8862,1.2432,1.2025734,0.0204974666,2025-12-30
0.8742,1.2312,1.1862894,-0.0135409614,2025-12-31
0.8825,1.2395,1.1975525,0.0094943949,2026-01-05
0.8907,1.2477,1.2086799,0.0092917847,2026-01-06
0.9061,1.2631,1.2295777,0.0172897721,2026-01-07
0.9265,1.2835,1.2572605,0.0225140713,2026-01-08
0.9242,1.2812,1.2541394,-0.0024824609,2026-01-09
0.9444,1.3014,1.2815508,0.021856741,2026-01-12
0.9307,1.2877,1.2629599,-0.014506565,2026-01-13
0.9313,1.2883,1.2637741,0.0006446761,2026-01-14
0.9366,1.2936,1.2709662,0.0056909696,2026-01-15
0.9274,1.2844,1.2584818,-0.0098227632,2026-01-16
0.9657,1.3227,1.3104549,0.0412982532,2026-01-19
0.9577,1.3147,1.2995989,-0.0082841462,2026-01-20
0.9736,1.3306,1.3211752,0.0166022763,2026-01-21
0.9836,1.3406,1.3347452,0.0102711586,2026-01-22
0.9876,1.3446,1.3401732,0.0040666938,2026-01-23
1.0058,1.3628,1.3648706,0.0184285136,2026-01-26
0.98,1.337,1.32986,-0.0256512229,2026-01-27
0.9691,1.3261,1.3150687,-0.011122449,2026-01-28
0.9722,1.3292,1.3192754,0.0031988443,2026-01-29
0.9709,1.3279,1.3175113,-0.0013371734,2026-01-30
0.9412,1.2982,1.2772084,-0.0305901741,2026-02-02
0.9715,1.3285,1.3183255,0.0321929452,2026-02-03
0.9917,1.3487,1.3457369,0.0207925888,2026-02-04
0.9811,1.3381,1.3313527,-0.0106887163,2026-02-05
0.9825,1.3395,1.3332525,0.0014269697,2026-02-06
0.9951,1.3521,1.3503507,0.0128244275,2026-02-09
0.9841,1.3411,1.3354237,-0.0110541654,2026-02-10
0.9932,1.3502,1.3477724,0.0092470277,2026-02-11
0.9735,1.3305,1.3210395,-0.0198348772,2026-02-12
0.9488,1.3058,1.2875216,-0.0253723677,2026-02-13
1.0131,1.3701,1.3747767,0.0677698145,2026-02-24
1.0252,1.3822,1.3911964,0.0119435396,2026-02-25
1.0746,1.4316,1.4582322,0.0481857199,2026-02-26
1.0831,1.4401,1.4697667,0.00790992,2026-02-27
1.0647,1.4217,1.4447979,-0.0169882744,2026-03-02
1.0302,1.3872,1.3979814,-0.0324034939,2026-03-03
1.0183,1.3753,1.3818331,-0.0115511551,2026-03-04
1.0269,1.3839,1.3935033,0.0084454483,2026-03-05
1.0802,1.4372,1.4658314,0.0519037881,2026-03-06
1.0389,1.3959,1.4097873,-0.0382336604,2026-03-09
1.0611,1.4181,1.4399127,0.0213687554,2026-03-10
1.0655,1.4225,1.4458835,0.0041466403,2026-03-11
1.0481,1.4051,1.4222717,-0.0163303613,2026-03-12
1.0543,1.4113,1.4306851,0.0059154661,2026-03-13
1.0872,1.4442,1.4753304,0.0312055392,2026-03-16
1.0455,1.4025,1.4187435,-0.0383554084,2026-03-17
1.011,1.368,1.371927,-0.0329985653,2026-03-18
0.9596,1.3166,1.3021772,-0.0508407517,2026-03-19
0.9224,1.2794,1.2516968,-0.0387661526,2026-03-20
0.7877,1.1447,1.0689089,-0.1460320902,2026-03-23
0.8366,1.1936,1.1352662,0.0620794719,2026-03-24
0.8651,1.2221,1.1739407,0.0340664595,2026-03-25
0.8583,1.2153,1.1647131,-0.007860363,2026-03-26
0.8914,1.2484,1.2096298,0.0385646045,2026-03-27
0.8883,1.2453,1.2054231,-0.0034776756,2026-03-30
0.8373,1.1943,1.1362161,-0.0574130361,2026-03-31
0.8655,1.2225,1.1744835,0.0336796847,2026-04-01
0.8685,1.2255,1.1785545,0.0034662045,2026-04-02
0.8274,1.1844,1.1227818,-0.0473229706,2026-04-03
0.8522,1.2092,1.1564354,0.0299734107,2026-04-07
0.908,1.265,1.232156,0.0654775874,2026-04-08
0.8988,1.2558,1.2196716,-0.0101321586,2026-04-09
0.9109,1.2679,1.2360913,0.0134623943,2026-04-10
0.9313,1.2883,1.2637741,0.0223954331,2026-04-13
0.9456,1.3026,1.2831792,0.0153548803,2026-04-14
0.9455,1.3025,1.2830435,-0.000105753,2026-04-15
0.9773,1.3343,1.3261961,0.0336329984,2026-04-16
0.9592,1.3162,1.3016344,-0.0185204134,2026-04-17
0.9683,1.3253,1.3139831,0.0094870726,2026-04-20
1.0107,1.3677,1.3715199,0.0437880822,2026-04-21
0.9991,1.3561,1.3557787,-0.011477194,2026-04-22
1.0009,1.3579,1.3582213,0.0018016215,2026-04-23
0.9814,1.3384,1.3317598,-0.0194824658,2026-04-24
0.9743,1.3313,1.3221251,-0.0072345629,2026-04-27
0.9172,1.2742,1.2446404,-0.0586061788,2026-04-28
0.9489,1.3059,1.2876573,0.0345617096,2026-04-29
0.9489,1.3059,1.2876573,0.0,2026-04-30
1.0002,1.3572,1.3572714,0.0540625988,2026-05-06
0.9788,1.3358,1.3282316,-0.0213957209,2026-05-07
0.9747,1.3317,1.3226679,-0.0041888026,2026-05-08
0.9776,1.3346,1.3266032,0.0029752744,2026-05-11
0.9562,1.3132,1.2975634,-0.0218903437,2026-05-12
0.9738,1.3308,1.3214466,0.0184061912,2026-05-13
0.9734,1.3304,1.3209038,-0.000410762,2026-05-14
0.972,1.329,1.319004,-0.0014382577,2026-05-15
0.9024,1.2594,1.2245568,-0.0716049383,2026-05-18
0.8992,1.2562,1.2202144,-0.0035460993,2026-05-19
0.8794,1.2364,1.1933458,-0.022019573,2026-05-20
0.858,1.215,1.164306,-0.0243347737,2026-05-21
0.8621,1.2191,1.1698697,0.0047785548,2026-05-22
0.8437,1.2007,1.1449009,-0.0213432316,2026-05-25
0.8515,1.2085,1.1554855,0.0092449923,2026-05-26
